account_number,customer_id,account_type,status,balance_naira,opened_on,home_branch
9913998698,CUS-0001,Savings,active,251500,2025-12-15,ENTIN Lekki
9917075364,CUS-0002,Savings,active,1376000,2017-06-15,ENTIN Ikeja
9944729405,CUS-0003,Savings,active,324600,2017-08-15,ENTIN Benin City
9989768469,CUS-0004,Savings,active,970000,2019-09-15,ENTIN Kano
9919672731,CUS-0005,Savings,active,1134000,2022-12-15,ENTIN Yaba
9988766344,CUS-0006,Savings,active,947600,2012-01-15,ENTIN Wuse
9977876804,CUS-0007,Savings,active,710100,2017-08-15,ENTIN Ibadan
9971475136,CUS-0008,Savings,active,1195700,2014-08-15,ENTIN Wuse
9993319084,CUS-0009,Savings,active,3154900,2022-11-15,ENTIN Enugu
9928379298,CUS-0010,Savings,fraud_hold,449000,2016-02-15,ENTIN Kaduna
9983601610,CUS-0011,Savings,active,175000,2025-06-15,ENTIN Wuse
9975177992,CUS-0012,Savings,active,2361200,2014-10-15,ENTIN Kano
9918603208,CUS-0013,Savings,active,1100500,2025-01-15,ENTIN Ibadan
9922264686,CUS-0014,Savings,active,178900,2025-02-15,ENTIN Yaba
9984133017,CUS-0015,Savings,active,2638500,2018-09-15,ENTIN Yaba
9920525898,CUS-0015,Current,active,150000,2021-12-15,ENTIN Yaba
9982141621,CUS-0016,Savings,active,435500,2022-01-15,ENTIN Enugu
9946001304,CUS-0017,Savings,active,238500,2022-09-15,ENTIN Garki
9995579906,CUS-0017,Current,active,2500000,2015-10-15,ENTIN Garki
9946450604,CUS-0018,Savings,active,170000,2023-06-15,ENTIN Kaduna
9953801291,CUS-0019,Savings,active,322000,2013-01-15,ENTIN Garki
9969256663,CUS-0020,Savings,restricted,3583300,2024-07-15,ENTIN Kaduna
9964529128,CUS-0021,Savings,active,204000,2025-09-15,ENTIN Yaba
9965384535,CUS-0022,Savings,active,1031200,2022-08-15,ENTIN Ikeja
9902145842,CUS-0023,Savings,active,154900,2013-01-15,ENTIN Ikeja
9988281126,CUS-0024,Savings,active,34300,2017-09-15,ENTIN Wuse
9948452630,CUS-0025,Savings,active,659700,2025-10-15,ENTIN Kaduna
9905154382,CUS-0026,Savings,active,457900,2015-03-15,ENTIN Ikeja
9935795111,CUS-0027,Savings,active,1120100,2024-05-15,ENTIN Garki
9955696327,CUS-0028,Savings,active,294700,2022-12-15,ENTIN Garki
9914497660,CUS-0029,Savings,active,947600,2017-11-15,ENTIN Kaduna
9925996775,CUS-0030,Savings,dormant,55000,2024-04-15,ENTIN Benin City
9984951838,CUS-0031,Savings,active,386600,2024-01-15,ENTIN Garki
9941968982,CUS-0032,Savings,active,2401300,2013-01-15,ENTIN Ibadan
9940720754,CUS-0033,Savings,active,1551300,2019-04-15,ENTIN Garki
9918847918,CUS-0034,Savings,active,118700,2020-10-15,ENTIN Wuse
9957555218,CUS-0034,Current,active,400000,2025-03-15,ENTIN Wuse
9955689832,CUS-0035,Savings,active,2340700,2023-03-15,ENTIN Wuse
9922900442,CUS-0035,Current,active,80000,2020-12-15,ENTIN Wuse
9926978043,CUS-0036,Savings,active,1467000,2020-06-15,ENTIN Yaba
9980700159,CUS-0037,Savings,active,1089600,2025-12-15,ENTIN Yaba
9928667534,CUS-0038,Savings,active,314000,2019-09-15,ENTIN Yaba
9960824456,CUS-0039,Savings,dormant,158300,2020-08-15,ENTIN Lekki
9954177588,CUS-0040,Savings,active,603500,2013-05-15,ENTIN Enugu
9902520161,CUS-0041,Savings,active,1491200,2025-05-15,ENTIN Kaduna
9938560739,CUS-0042,Savings,active,2588700,2015-02-15,ENTIN Garki
9985469059,CUS-0043,Savings,active,500500,2014-09-15,ENTIN Kano
9933042845,CUS-0044,Savings,active,983100,2014-01-15,ENTIN Lekki
9921430490,CUS-0045,Savings,active,3638500,2016-02-15,ENTIN Surulere
9968179223,CUS-0046,Savings,active,941200,2015-09-15,ENTIN Port Harcourt
9956427105,CUS-0046,Current,active,35000,2024-03-15,ENTIN Port Harcourt
9969585190,CUS-0047,Savings,active,148500,2015-02-15,ENTIN Ikeja
9972987112,CUS-0048,Savings,dormant,3122200,2020-05-15,ENTIN Benin City
9926407942,CUS-0048,Current,active,150000,2022-01-15,ENTIN Benin City
9996745219,CUS-0049,Savings,active,1995500,2015-04-15,ENTIN Ibadan
9988645732,CUS-0050,Savings,active,341400,2012-12-15,ENTIN Kano
9985846388,CUS-0051,Savings,active,2634600,2022-10-15,ENTIN Ikeja
9965013327,CUS-0052,Savings,active,2436900,2019-03-15,ENTIN Garki
9916354011,CUS-0053,Savings,active,2647000,2022-03-15,ENTIN Lekki
9918621076,CUS-0054,Savings,active,374100,2013-08-15,ENTIN Garki
9915202994,CUS-0055,Savings,active,1067000,2024-07-15,ENTIN Lekki
9998286408,CUS-0056,Savings,active,1129000,2020-08-15,ENTIN Enugu
9939955156,CUS-0057,Savings,active,1001000,2021-08-15,ENTIN Wuse
9996156795,CUS-0057,Current,active,900000,2017-01-15,ENTIN Wuse
9980156464,CUS-0058,Savings,active,810800,2023-05-15,ENTIN Enugu
9990421631,CUS-0059,Savings,active,1390000,2013-02-15,ENTIN Ibadan
9906424829,CUS-0060,Savings,active,2510100,2012-02-15,ENTIN Garki
9923524013,CUS-0061,Savings,active,2653000,2013-06-15,ENTIN Surulere
9913785222,CUS-0062,Savings,active,1486200,2016-11-15,ENTIN Lekki
9948085347,CUS-0063,Savings,active,265700,2012-05-15,ENTIN Lekki
9901461338,CUS-0064,Savings,dormant,503000,2017-04-15,ENTIN Port Harcourt
9977605538,CUS-0065,Savings,active,1198200,2020-11-15,ENTIN Surulere
9915141363,CUS-0066,Savings,active,2773700,2016-04-15,ENTIN Ikeja
9964668631,CUS-0067,Savings,active,1066000,2025-06-15,ENTIN Surulere
9934217233,CUS-0068,Savings,active,642500,2021-07-15,ENTIN Benin City
9977044104,CUS-0068,Current,active,35000,2024-08-15,ENTIN Benin City
9935953494,CUS-0069,Savings,dormant,2036200,2016-03-15,ENTIN Wuse
9980801000,CUS-0070,Savings,active,997000,2022-03-15,ENTIN Ikeja
9903048877,CUS-0071,Savings,active,409500,2023-02-15,ENTIN Ibadan
9904030042,CUS-0072,Savings,active,2774000,2024-08-15,ENTIN Yaba
9929770579,CUS-0073,Savings,active,1174700,2021-12-15,ENTIN Yaba
9981299914,CUS-0074,Savings,active,202500,2012-11-15,ENTIN Kaduna
9967554850,CUS-0074,Current,active,150000,2015-06-15,ENTIN Kaduna
9926436628,CUS-0075,Savings,active,194000,2021-01-15,ENTIN Benin City
9970950601,CUS-0076,Savings,active,31500,2020-10-15,ENTIN Wuse
9956378276,CUS-0077,Savings,active,427500,2022-09-15,ENTIN Benin City
9938696953,CUS-0078,Savings,active,2683700,2014-08-15,ENTIN Port Harcourt
9971711243,CUS-0079,Savings,active,972000,2017-02-15,ENTIN Benin City
9903022502,CUS-0080,Savings,active,130100,2025-03-15,ENTIN Lekki
9908238613,CUS-0081,Savings,active,2834500,2014-12-15,ENTIN Lekki
9912223863,CUS-0081,Current,active,80000,2024-09-15,ENTIN Lekki
9942764129,CUS-0082,Savings,active,724000,2025-11-15,ENTIN Port Harcourt
9950496570,CUS-0083,Savings,active,170500,2012-06-15,ENTIN Enugu
9996444694,CUS-0084,Savings,active,314700,2012-04-15,ENTIN Kano
9972056832,CUS-0084,Current,active,150000,2018-11-15,ENTIN Kano
9920987695,CUS-0085,Savings,active,754700,2023-10-15,ENTIN Yaba
9907016929,CUS-0086,Savings,active,207500,2016-03-15,ENTIN Ikeja
9967779214,CUS-0087,Savings,active,1311200,2017-04-15,ENTIN Port Harcourt
9912668692,CUS-0088,Savings,active,96500,2014-08-15,ENTIN Enugu
9995292074,CUS-0089,Savings,active,1201300,2018-06-15,ENTIN Kaduna
9945011459,CUS-0090,Savings,active,358700,2016-07-15,ENTIN Garki
9981013315,CUS-0091,Savings,active,1114000,2016-11-15,ENTIN Wuse
9995444615,CUS-0092,Savings,active,1593200,2017-08-15,ENTIN Port Harcourt
9953921025,CUS-0092,Current,active,900000,2025-12-15,ENTIN Port Harcourt
9969795168,CUS-0093,Savings,active,2733500,2016-03-15,ENTIN Wuse
9962528456,CUS-0094,Savings,active,40200,2020-07-15,ENTIN Benin City
9966981433,CUS-0095,Savings,active,508200,2021-02-15,ENTIN Garki
9991804418,CUS-0096,Savings,active,430000,2013-04-15,ENTIN Kaduna
9961807567,CUS-0097,Savings,active,2525700,2019-03-15,ENTIN Enugu
9958025797,CUS-0098,Savings,active,1047800,2025-08-15,ENTIN Kano
9968878499,CUS-0098,Current,active,150000,2018-11-15,ENTIN Kano
9936708878,CUS-0099,Savings,active,2712800,2013-07-15,ENTIN Benin City
9919172290,CUS-0100,Savings,active,2434700,2017-08-15,ENTIN Port Harcourt
9950580777,CUS-0100,Current,active,2500000,2024-06-15,ENTIN Port Harcourt
9971745143,CUS-0101,Savings,active,2531500,2013-02-15,ENTIN Enugu
9912452877,CUS-0102,Savings,active,226000,2014-12-15,ENTIN Ibadan
9974404309,CUS-0102,Current,active,35000,2016-03-15,ENTIN Ibadan
9949574415,CUS-0103,Savings,active,616000,2018-07-15,ENTIN Kano
9927125204,CUS-0103,Current,active,2500000,2018-06-15,ENTIN Kano
9910528659,CUS-0104,Savings,active,724200,2012-06-15,ENTIN Benin City
9972234888,CUS-0105,Savings,active,520600,2012-03-15,ENTIN Wuse
9959061922,CUS-0106,Savings,active,127000,2017-06-15,ENTIN Surulere
9935483447,CUS-0106,Current,active,400000,2022-06-15,ENTIN Surulere
9961387303,CUS-0107,Savings,active,388100,2014-07-15,ENTIN Lekki
9976125398,CUS-0108,Savings,active,80500,2023-03-15,ENTIN Kaduna
9926445274,CUS-0109,Savings,active,429500,2018-11-15,ENTIN Ikeja
9951521657,CUS-0110,Savings,active,2585300,2023-06-15,ENTIN Port Harcourt
9926058188,CUS-0110,Current,active,400000,2020-10-15,ENTIN Port Harcourt
9960169676,CUS-0111,Savings,active,423600,2016-08-15,ENTIN Lekki
9942365966,CUS-0112,Savings,active,474500,2018-11-15,ENTIN Benin City
9983754741,CUS-0112,Current,active,150000,2016-08-15,ENTIN Benin City
9918118331,CUS-0113,Savings,active,2062500,2014-01-15,ENTIN Kaduna
9944317367,CUS-0114,Savings,active,267000,2024-03-15,ENTIN Kano
9926627973,CUS-0115,Savings,active,1519200,2022-07-15,ENTIN Ikeja
9966971697,CUS-0115,Current,active,80000,2013-07-15,ENTIN Ikeja
9962245900,CUS-0116,Savings,active,1574300,2013-09-15,ENTIN Ibadan
9925219607,CUS-0117,Savings,active,540200,2015-09-15,ENTIN Surulere
9975049979,CUS-0118,Savings,active,440600,2014-11-15,ENTIN Ibadan
9954928452,CUS-0119,Savings,active,522600,2022-06-15,ENTIN Ibadan
9939956816,CUS-0120,Savings,active,1293900,2013-01-15,ENTIN Ibadan
9910108102,CUS-0121,Savings,active,963300,2014-01-15,ENTIN Ikeja
9920453316,CUS-0122,Savings,active,2635700,2020-02-15,ENTIN Ibadan
9961205593,CUS-0123,Savings,active,260200,2020-03-15,ENTIN Yaba
9949138114,CUS-0124,Savings,active,257000,2023-07-15,ENTIN Yaba
9939285100,CUS-0125,Savings,active,989000,2016-12-15,ENTIN Yaba
9983579996,CUS-0126,Savings,active,1089000,2021-12-15,ENTIN Ibadan
9953095521,CUS-0126,Current,active,2500000,2013-02-15,ENTIN Ibadan
9911211684,CUS-0127,Savings,active,516500,2017-09-15,ENTIN Port Harcourt
9943949119,CUS-0128,Savings,dormant,322000,2012-02-15,ENTIN Ikeja
9901919652,CUS-0129,Savings,active,205500,2015-11-15,ENTIN Ikeja
9970533656,CUS-0130,Savings,active,493000,2022-12-15,ENTIN Wuse
9915379101,CUS-0131,Savings,active,618300,2019-02-15,ENTIN Ikeja
9913900264,CUS-0132,Savings,active,2555600,2012-11-15,ENTIN Enugu
9965679951,CUS-0133,Savings,active,185000,2016-07-15,ENTIN Lekki
9983034549,CUS-0134,Savings,active,979200,2014-10-15,ENTIN Garki
9975077739,CUS-0134,Current,active,80000,2024-01-15,ENTIN Garki
9907512280,CUS-0135,Savings,active,806000,2017-07-15,ENTIN Lekki
9972130516,CUS-0136,Savings,active,411000,2022-02-15,ENTIN Port Harcourt
9965386482,CUS-0137,Savings,active,154000,2018-09-15,ENTIN Surulere
9902372961,CUS-0138,Savings,active,943700,2019-09-15,ENTIN Kaduna
9928539598,CUS-0139,Savings,active,3214200,2015-12-15,ENTIN Wuse
9975216214,CUS-0140,Savings,active,1087500,2023-07-15,ENTIN Ibadan
9913439999,CUS-0140,Current,active,80000,2021-07-15,ENTIN Ibadan
9922386162,CUS-0141,Savings,active,101100,2021-07-15,ENTIN Garki
9986367800,CUS-0142,Savings,active,1001500,2013-08-15,ENTIN Benin City
9964197110,CUS-0143,Savings,dormant,1453200,2023-03-15,ENTIN Kano
9949007514,CUS-0143,Current,active,80000,2014-10-15,ENTIN Kano
9986071964,CUS-0144,Savings,active,371600,2025-09-15,ENTIN Ikeja
9912117405,CUS-0145,Savings,active,1114700,2017-09-15,ENTIN Surulere
9915789794,CUS-0146,Savings,active,310500,2024-05-15,ENTIN Kaduna
9902671868,CUS-0146,Current,active,80000,2013-11-15,ENTIN Kaduna
9900546598,CUS-0147,Savings,active,1576200,2017-09-15,ENTIN Enugu
9929634769,CUS-0148,Savings,active,394200,2012-05-15,ENTIN Yaba
9932706983,CUS-0149,Savings,active,280500,2013-10-15,ENTIN Kano
9986703642,CUS-0150,Savings,active,1588700,2012-06-15,ENTIN Enugu
9923911317,CUS-0151,Savings,active,959500,2024-10-15,ENTIN Surulere
9950934230,CUS-0152,Savings,active,723000,2017-05-15,ENTIN Surulere
9979262701,CUS-0153,Savings,active,400500,2019-12-15,ENTIN Lekki
9973621841,CUS-0154,Savings,active,483000,2017-06-15,ENTIN Garki
9924565054,CUS-0155,Savings,active,455600,2016-05-15,ENTIN Yaba
9944565338,CUS-0156,Savings,active,1478000,2015-11-15,ENTIN Yaba
9984980730,CUS-0157,Savings,active,1960700,2018-11-15,ENTIN Lekki
9952390359,CUS-0157,Current,dormant,2500000,2020-06-15,ENTIN Lekki
9916441320,CUS-0158,Savings,active,1540600,2017-11-15,ENTIN Enugu
9941946065,CUS-0159,Savings,active,1167600,2018-09-15,ENTIN Lekki
9917353161,CUS-0159,Current,active,2500000,2017-10-15,ENTIN Lekki
9945997181,CUS-0160,Savings,active,401500,2019-04-15,ENTIN Lekki
9950062013,CUS-0161,Savings,active,2396000,2025-02-15,ENTIN Wuse
9936876480,CUS-0162,Savings,active,731900,2018-12-15,ENTIN Kaduna
9985476677,CUS-0163,Savings,active,173500,2015-05-15,ENTIN Lekki
9963544644,CUS-0164,Savings,active,945900,2015-04-15,ENTIN Kaduna
9957207101,CUS-0165,Savings,active,1220000,2015-07-15,ENTIN Lekki
9936354926,CUS-0166,Savings,active,1210000,2020-09-15,ENTIN Enugu
9922102298,CUS-0167,Savings,active,953000,2024-09-15,ENTIN Ibadan
9989354914,CUS-0168,Savings,active,2708700,2017-03-15,ENTIN Yaba
9984249158,CUS-0169,Savings,active,555200,2020-12-15,ENTIN Wuse
9942564933,CUS-0170,Savings,active,514100,2016-06-15,ENTIN Lekki
9983851534,CUS-0171,Savings,active,884800,2022-03-15,ENTIN Yaba
9933836620,CUS-0172,Savings,active,797900,2014-10-15,ENTIN Enugu
9937785973,CUS-0173,Savings,active,850000,2014-12-15,ENTIN Ikeja
9904061872,CUS-0174,Savings,active,3705300,2016-01-15,ENTIN Port Harcourt
9903136249,CUS-0175,Savings,active,401500,2015-03-15,ENTIN Kano
9979603085,CUS-0175,Current,active,2500000,2025-04-15,ENTIN Kano
9948340783,CUS-0176,Savings,active,259000,2024-03-15,ENTIN Kaduna
9940024094,CUS-0177,Savings,active,506700,2012-12-15,ENTIN Wuse
9914176590,CUS-0178,Savings,active,439400,2016-05-15,ENTIN Ikeja
9994255269,CUS-0178,Current,active,400000,2013-07-15,ENTIN Ikeja
9929958470,CUS-0179,Savings,active,186000,2024-07-15,ENTIN Yaba
9927751519,CUS-0180,Savings,active,3648500,2019-12-15,ENTIN Port Harcourt
9983508472,CUS-0181,Savings,active,229300,2020-08-15,ENTIN Benin City
9979765655,CUS-0182,Savings,active,525000,2023-03-15,ENTIN Yaba
9902993351,CUS-0183,Savings,active,2380500,2018-09-15,ENTIN Ibadan
9912799315,CUS-0184,Savings,active,1457100,2024-02-15,ENTIN Benin City
9962334551,CUS-0185,Savings,active,37100,2022-08-15,ENTIN Benin City
9978728285,CUS-0186,Savings,active,2511500,2014-04-15,ENTIN Ibadan
9956885470,CUS-0187,Savings,active,2627600,2019-08-15,ENTIN Surulere
9925691517,CUS-0188,Savings,active,1594900,2012-12-15,ENTIN Wuse
9908672820,CUS-0189,Savings,active,269700,2014-09-15,ENTIN Benin City
9967378530,CUS-0190,Savings,active,2024700,2014-08-15,ENTIN Wuse
9904355683,CUS-0191,Savings,active,90200,2014-01-15,ENTIN Ikeja
9988642115,CUS-0192,Savings,active,1114400,2018-04-15,ENTIN Surulere
9961766752,CUS-0193,Savings,active,273000,2023-06-15,ENTIN Ikeja
9990617641,CUS-0193,Current,active,35000,2017-08-15,ENTIN Ikeja
9953387952,CUS-0194,Savings,active,217500,2025-01-15,ENTIN Benin City
9911125736,CUS-0195,Savings,dormant,2433700,2023-04-15,ENTIN Garki
9967074401,CUS-0196,Savings,active,245000,2020-06-15,ENTIN Surulere
9999876763,CUS-0197,Savings,active,1055500,2018-01-15,ENTIN Enugu
9908529541,CUS-0198,Savings,active,259200,2023-06-15,ENTIN Garki
9916644726,CUS-0199,Savings,active,767000,2015-10-15,ENTIN Enugu
9940608041,CUS-0199,Current,active,150000,2021-04-15,ENTIN Enugu
9967769593,CUS-0200,Savings,active,2632500,2022-06-15,ENTIN Enugu
9915856052,CUS-0201,Savings,active,1321000,2017-03-15,ENTIN Garki
9914950549,CUS-0202,Savings,active,2454500,2012-04-15,ENTIN Wuse
9911235217,CUS-0203,Savings,active,34500,2025-07-15,ENTIN Enugu
9937567822,CUS-0204,Savings,active,498600,2023-08-15,ENTIN Port Harcourt
9904236164,CUS-0205,Savings,active,290700,2024-08-15,ENTIN Surulere
9960946297,CUS-0206,Savings,active,1078500,2020-11-15,ENTIN Ibadan
9954079211,CUS-0207,Savings,active,386700,2023-06-15,ENTIN Ibadan
9908562995,CUS-0208,Savings,active,2795700,2024-12-15,ENTIN Surulere
9902119749,CUS-0208,Current,active,2500000,2025-11-15,ENTIN Surulere
9986925245,CUS-0209,Savings,active,631000,2014-02-15,ENTIN Ikeja
9911316159,CUS-0210,Savings,active,2098200,2021-10-15,ENTIN Benin City
9981386941,CUS-0210,Current,active,35000,2016-01-15,ENTIN Benin City
9909502592,CUS-0211,Savings,active,245200,2025-11-15,ENTIN Garki
9951055574,CUS-0212,Savings,active,138500,2023-04-15,ENTIN Garki
9943848714,CUS-0213,Savings,active,736500,2019-07-15,ENTIN Garki
9980024371,CUS-0214,Savings,active,962500,2025-11-15,ENTIN Yaba
9948992789,CUS-0215,Savings,active,186700,2025-02-15,ENTIN Wuse
9903471072,CUS-0216,Savings,active,2811000,2012-02-15,ENTIN Ibadan
9923754061,CUS-0217,Savings,active,888200,2020-07-15,ENTIN Lekki
9910818187,CUS-0218,Savings,active,1174500,2014-03-15,ENTIN Garki
9965434139,CUS-0218,Current,active,150000,2018-06-15,ENTIN Garki
9930963627,CUS-0219,Savings,active,489700,2019-01-15,ENTIN Lekki
9986070448,CUS-0220,Savings,active,345100,2023-05-15,ENTIN Garki
9995401710,CUS-0221,Savings,active,730200,2017-12-15,ENTIN Kaduna
9943397743,CUS-0222,Savings,active,1165700,2020-09-15,ENTIN Garki
9973866346,CUS-0223,Savings,active,483200,2012-02-15,ENTIN Ibadan
9988671900,CUS-0223,Current,active,35000,2018-08-15,ENTIN Ibadan
9958085404,CUS-0224,Savings,active,2561000,2017-01-15,ENTIN Benin City
9991444480,CUS-0224,Current,active,80000,2012-12-15,ENTIN Benin City
9910257598,CUS-0225,Savings,active,995500,2022-12-15,ENTIN Port Harcourt
9909301930,CUS-0226,Savings,active,378800,2019-11-15,ENTIN Lekki
9986617876,CUS-0227,Savings,active,2682000,2017-11-15,ENTIN Enugu
9954375149,CUS-0228,Savings,active,573000,2017-09-15,ENTIN Benin City
9993322503,CUS-0229,Savings,active,554000,2019-01-15,ENTIN Enugu
9946252003,CUS-0230,Savings,active,198000,2013-05-15,ENTIN Kano
9987407604,CUS-0231,Savings,active,212700,2025-01-15,ENTIN Ibadan
9902084385,CUS-0232,Savings,active,1085500,2025-11-15,ENTIN Port Harcourt
9907462096,CUS-0233,Savings,active,1250000,2015-09-15,ENTIN Lekki
9902167309,CUS-0234,Savings,active,3612500,2021-09-15,ENTIN Port Harcourt
9953911045,CUS-0235,Savings,active,572500,2017-07-15,ENTIN Benin City
9941663809,CUS-0236,Savings,active,1119400,2021-02-15,ENTIN Ibadan
9969336506,CUS-0237,Savings,active,497400,2015-03-15,ENTIN Ibadan
9937467651,CUS-0238,Savings,active,182900,2016-03-15,ENTIN Lekki
9963646907,CUS-0239,Savings,active,432500,2020-08-15,ENTIN Benin City
9926272745,CUS-0240,Savings,active,614400,2012-05-15,ENTIN Kaduna
9985550964,CUS-0240,Current,active,80000,2021-10-15,ENTIN Kaduna
9968320519,CUS-0241,Savings,active,441200,2017-03-15,ENTIN Yaba
9922045362,CUS-0241,Current,dormant,2500000,2015-01-15,ENTIN Yaba
9902208747,CUS-0242,Savings,active,3599100,2013-10-15,ENTIN Wuse
9951135288,CUS-0243,Savings,active,270000,2024-02-15,ENTIN Garki
9989064373,CUS-0243,Current,active,400000,2018-11-15,ENTIN Garki
9931572552,CUS-0244,Savings,active,201600,2022-09-15,ENTIN Benin City
9974242558,CUS-0245,Savings,active,3642700,2015-11-15,ENTIN Surulere
9985384634,CUS-0246,Savings,active,2561800,2020-09-15,ENTIN Port Harcourt
9956338649,CUS-0247,Savings,dormant,195700,2012-11-15,ENTIN Kano
9955864605,CUS-0248,Savings,active,565000,2022-02-15,ENTIN Yaba
9911871482,CUS-0249,Savings,active,193000,2018-07-15,ENTIN Enugu
9922213933,CUS-0250,Savings,active,525500,2023-03-15,ENTIN Ibadan
9972251933,CUS-0251,Savings,active,126000,2025-05-15,ENTIN Yaba
9937906660,CUS-0252,Savings,active,1481800,2017-07-15,ENTIN Ikeja
9919879915,CUS-0253,Savings,active,291400,2021-10-15,ENTIN Kano
9910485144,CUS-0254,Savings,active,2028700,2018-12-15,ENTIN Enugu
9927357934,CUS-0255,Savings,active,1152300,2016-11-15,ENTIN Wuse
9912443952,CUS-0256,Savings,active,1902000,2013-12-15,ENTIN Yaba
9927951365,CUS-0256,Current,active,150000,2022-01-15,ENTIN Yaba
9903889054,CUS-0257,Savings,active,1121700,2013-11-15,ENTIN Ibadan
9911119929,CUS-0258,Savings,active,1596700,2024-01-15,ENTIN Kaduna
9978482991,CUS-0259,Savings,active,304000,2019-08-15,ENTIN Surulere
9952562853,CUS-0260,Savings,active,187900,2025-08-15,ENTIN Yaba
9911168312,CUS-0261,Savings,active,871700,2014-12-15,ENTIN Lekki
9969055121,CUS-0262,Savings,active,424500,2014-08-15,ENTIN Wuse
9950345134,CUS-0263,Savings,active,179500,2015-11-15,ENTIN Enugu
9910453125,CUS-0264,Savings,active,137000,2020-08-15,ENTIN Wuse
9913982658,CUS-0265,Savings,active,336700,2012-07-15,ENTIN Lekki
9911157896,CUS-0266,Savings,active,1142500,2019-04-15,ENTIN Ikeja
9975140396,CUS-0267,Savings,active,170500,2014-04-15,ENTIN Surulere
9995728062,CUS-0268,Savings,dormant,1002200,2015-03-15,ENTIN Garki
9936756441,CUS-0269,Savings,active,3160000,2019-01-15,ENTIN Ibadan
9932642118,CUS-0270,Savings,active,1236000,2022-06-15,ENTIN Wuse
9915845459,CUS-0271,Savings,active,441500,2018-04-15,ENTIN Enugu
9940071152,CUS-0272,Savings,active,557700,2016-07-15,ENTIN Lekki
9935986265,CUS-0273,Savings,active,397500,2014-05-15,ENTIN Benin City
9955297955,CUS-0274,Savings,active,235200,2015-03-15,ENTIN Port Harcourt
9916289439,CUS-0275,Savings,active,337000,2014-06-15,ENTIN Garki
9927352061,CUS-0275,Current,active,80000,2020-10-15,ENTIN Garki
9997590170,CUS-0276,Savings,active,74500,2014-01-15,ENTIN Port Harcourt
9900602652,CUS-0277,Savings,active,962500,2021-11-15,ENTIN Benin City
9932946850,CUS-0278,Savings,active,1311200,2017-07-15,ENTIN Kaduna
9955326148,CUS-0279,Savings,active,465000,2016-01-15,ENTIN Yaba
9952498676,CUS-0280,Savings,active,1163300,2013-04-15,ENTIN Enugu
9984118790,CUS-0281,Savings,active,297100,2025-05-15,ENTIN Ikeja
9946306844,CUS-0282,Savings,active,2060300,2012-04-15,ENTIN Lekki
9992725775,CUS-0283,Savings,active,369400,2021-05-15,ENTIN Ibadan
9938402490,CUS-0283,Current,active,400000,2022-02-15,ENTIN Ibadan
9966833571,CUS-0284,Savings,active,1252100,2019-10-15,ENTIN Garki
9943032214,CUS-0285,Savings,active,1990700,2024-12-15,ENTIN Yaba
9930154650,CUS-0285,Current,active,80000,2017-06-15,ENTIN Yaba
9930900140,CUS-0286,Savings,active,2522000,2022-05-15,ENTIN Kaduna
9945991169,CUS-0286,Current,active,900000,2024-10-15,ENTIN Kaduna
9969449775,CUS-0287,Savings,active,294500,2012-11-15,ENTIN Port Harcourt
9972097656,CUS-0288,Savings,active,3082500,2018-11-15,ENTIN Wuse
9944712177,CUS-0289,Savings,active,2035500,2018-04-15,ENTIN Garki
9927406438,CUS-0290,Savings,active,1011600,2018-11-15,ENTIN Port Harcourt
9968894472,CUS-0290,Current,active,400000,2012-02-15,ENTIN Port Harcourt
9978065578,CUS-0291,Savings,active,391700,2016-11-15,ENTIN Ikeja
9969206472,CUS-0292,Savings,active,803100,2020-02-15,ENTIN Ikeja
9928185458,CUS-0293,Savings,active,595600,2025-02-15,ENTIN Kaduna
9981044386,CUS-0294,Savings,active,2444000,2021-08-15,ENTIN Ibadan
9991259758,CUS-0295,Savings,active,769500,2020-11-15,ENTIN Ibadan
9904810740,CUS-0296,Savings,active,73000,2018-12-15,ENTIN Kano
9929017205,CUS-0297,Savings,active,1057000,2019-09-15,ENTIN Kaduna
9994675331,CUS-0298,Savings,active,1689000,2024-01-15,ENTIN Ikeja
9903987204,CUS-0299,Savings,active,215200,2012-02-15,ENTIN Enugu
9986118151,CUS-0300,Savings,active,494500,2021-01-15,ENTIN Garki
9969065643,CUS-0301,Savings,active,194000,2016-04-15,ENTIN Garki
9916038871,CUS-0302,Savings,active,996000,2023-06-15,ENTIN Ibadan
9914192446,CUS-0303,Savings,active,2854700,2024-03-15,ENTIN Port Harcourt
9919484159,CUS-0304,Savings,active,1058500,2020-09-15,ENTIN Benin City
9912573853,CUS-0305,Savings,active,187200,2018-02-15,ENTIN Garki
9912755790,CUS-0306,Savings,active,350000,2023-10-15,ENTIN Kaduna
9938909584,CUS-0307,Savings,active,2992000,2012-07-15,ENTIN Benin City
9937456111,CUS-0308,Savings,active,977700,2021-11-15,ENTIN Ibadan
9907735405,CUS-0309,Savings,active,1531800,2020-07-15,ENTIN Port Harcourt
9928648156,CUS-0310,Savings,active,76700,2015-03-15,ENTIN Garki
9977866026,CUS-0311,Savings,active,331100,2018-12-15,ENTIN Kaduna
9975337207,CUS-0312,Savings,active,1205600,2012-03-15,ENTIN Wuse
9956414349,CUS-0312,Current,active,80000,2018-10-15,ENTIN Wuse
9946277869,CUS-0313,Savings,active,2324500,2025-07-15,ENTIN Kano
9961768644,CUS-0313,Current,active,35000,2022-10-15,ENTIN Kano
9990571386,CUS-0314,Savings,dormant,143500,2017-02-15,ENTIN Benin City
9960596727,CUS-0315,Savings,active,1034000,2014-08-15,ENTIN Yaba
9928767202,CUS-0316,Savings,active,1554000,2017-09-15,ENTIN Enugu
9938331314,CUS-0317,Savings,active,696500,2012-09-15,ENTIN Garki
9973536623,CUS-0318,Savings,active,1477500,2025-03-15,ENTIN Yaba
9964510647,CUS-0319,Savings,active,1151700,2023-07-15,ENTIN Kano
9939671395,CUS-0320,Savings,active,377600,2016-12-15,ENTIN Lekki
9964528363,CUS-0321,Savings,active,530100,2019-11-15,ENTIN Wuse
9906561861,CUS-0321,Current,active,900000,2020-01-15,ENTIN Wuse
9949912955,CUS-0322,Savings,active,2568700,2023-07-15,ENTIN Kaduna
9954538030,CUS-0323,Savings,active,1131300,2018-12-15,ENTIN Enugu
9957360445,CUS-0324,Savings,active,1419000,2014-05-15,ENTIN Kaduna
9991958539,CUS-0325,Savings,active,1315700,2013-08-15,ENTIN Lekki
9996550219,CUS-0326,Savings,active,418200,2023-01-15,ENTIN Yaba
9921442356,CUS-0326,Current,active,2500000,2022-11-15,ENTIN Yaba
9985785371,CUS-0327,Savings,active,1269700,2016-01-15,ENTIN Wuse
9932477086,CUS-0328,Savings,active,2802200,2014-10-15,ENTIN Kano
9953759147,CUS-0329,Savings,active,116100,2023-01-15,ENTIN Yaba
9955477122,CUS-0330,Savings,active,2732400,2024-08-15,ENTIN Port Harcourt
9925736997,CUS-0331,Savings,active,155500,2013-12-15,ENTIN Surulere
9988059718,CUS-0332,Savings,active,3596200,2022-06-15,ENTIN Surulere
9934134297,CUS-0333,Savings,active,261000,2022-10-15,ENTIN Ikeja
9962266421,CUS-0334,Savings,active,1956000,2020-01-15,ENTIN Benin City
9937290469,CUS-0335,Savings,active,1491500,2025-10-15,ENTIN Benin City
9952764504,CUS-0336,Savings,active,846300,2020-07-15,ENTIN Benin City
9928921183,CUS-0337,Savings,active,3013500,2019-06-15,ENTIN Benin City
9965503781,CUS-0338,Savings,active,745100,2014-07-15,ENTIN Ibadan
9994674369,CUS-0339,Savings,active,757000,2012-05-15,ENTIN Yaba
9984223205,CUS-0339,Current,active,400000,2024-03-15,ENTIN Yaba
9968650702,CUS-0340,Savings,active,583200,2025-02-15,ENTIN Surulere
9911918995,CUS-0341,Savings,active,185700,2024-04-15,ENTIN Garki
9945277907,CUS-0342,Savings,active,1060500,2016-01-15,ENTIN Surulere
9922438945,CUS-0343,Savings,active,388500,2021-02-15,ENTIN Enugu
9972087668,CUS-0344,Savings,active,165700,2018-06-15,ENTIN Port Harcourt
9954456726,CUS-0345,Savings,active,184600,2020-11-15,ENTIN Ikeja
9910643132,CUS-0346,Savings,active,685100,2020-08-15,ENTIN Surulere
9910644250,CUS-0347,Savings,active,637700,2014-08-15,ENTIN Lekki
9968101700,CUS-0348,Savings,active,1984200,2022-12-15,ENTIN Ibadan
9918348045,CUS-0349,Savings,active,461500,2022-02-15,ENTIN Ikeja
9941377678,CUS-0350,Savings,active,1911900,2013-03-15,ENTIN Enugu
9935890704,CUS-0351,Savings,active,354700,2014-02-15,ENTIN Lekki
9911574849,CUS-0352,Savings,active,1308000,2012-08-15,ENTIN Lekki
9939159099,CUS-0353,Savings,active,485600,2023-11-15,ENTIN Lekki
9973080669,CUS-0354,Savings,active,60200,2025-08-15,ENTIN Yaba
9989001444,CUS-0354,Current,active,2500000,2022-02-15,ENTIN Yaba
9924902182,CUS-0355,Savings,active,181500,2020-05-15,ENTIN Ibadan
9961794516,CUS-0355,Current,active,2500000,2017-09-15,ENTIN Ibadan
9916389373,CUS-0356,Savings,active,156000,2013-07-15,ENTIN Kaduna
9983269017,CUS-0356,Current,active,80000,2024-06-15,ENTIN Kaduna
9982452077,CUS-0357,Savings,active,819200,2018-04-15,ENTIN Surulere
9954026859,CUS-0358,Savings,active,271200,2023-06-15,ENTIN Kano
9954494020,CUS-0359,Savings,active,987700,2018-09-15,ENTIN Kano
9950802361,CUS-0360,Savings,active,3244000,2017-12-15,ENTIN Enugu
9980291368,CUS-0361,Savings,active,383400,2023-08-15,ENTIN Ibadan
9925256262,CUS-0362,Savings,active,421100,2020-04-15,ENTIN Port Harcourt
9914265763,CUS-0363,Savings,active,2624100,2021-08-15,ENTIN Port Harcourt
9924622145,CUS-0364,Savings,dormant,1020500,2023-06-15,ENTIN Ikeja
9966800555,CUS-0365,Savings,active,1234500,2023-03-15,ENTIN Benin City
9961438798,CUS-0366,Savings,active,343800,2017-02-15,ENTIN Ibadan
9951406955,CUS-0367,Savings,active,2696200,2012-08-15,ENTIN Lekki
9940190302,CUS-0368,Savings,active,1293500,2012-06-15,ENTIN Kaduna
9915985343,CUS-0368,Current,active,80000,2013-07-15,ENTIN Kaduna
9982914423,CUS-0369,Savings,active,609000,2012-01-15,ENTIN Surulere
9934238589,CUS-0370,Savings,active,1248700,2019-06-15,ENTIN Enugu
9969704701,CUS-0370,Current,active,80000,2016-09-15,ENTIN Enugu
9907694305,CUS-0371,Savings,active,531700,2024-06-15,ENTIN Port Harcourt
9937583244,CUS-0372,Savings,active,1150200,2019-11-15,ENTIN Garki
9948554260,CUS-0372,Current,active,80000,2020-11-15,ENTIN Garki
9932052387,CUS-0373,Savings,active,377200,2012-01-15,ENTIN Ibadan
9931151207,CUS-0374,Savings,active,564700,2012-05-15,ENTIN Kaduna
9951549033,CUS-0375,Savings,active,671200,2025-06-15,ENTIN Wuse
9965266631,CUS-0376,Savings,active,509300,2020-01-15,ENTIN Ibadan
9956948792,CUS-0377,Savings,active,463500,2022-01-15,ENTIN Enugu
9920862512,CUS-0378,Savings,active,3018200,2018-08-15,ENTIN Wuse
9983308485,CUS-0379,Savings,active,1493000,2023-02-15,ENTIN Benin City
9935909163,CUS-0380,Savings,active,122300,2025-04-15,ENTIN Yaba
9967998836,CUS-0381,Savings,active,239800,2025-07-15,ENTIN Ibadan
9965825920,CUS-0382,Savings,active,1228700,2016-12-15,ENTIN Wuse
9903971634,CUS-0383,Savings,active,986700,2024-01-15,ENTIN Kaduna
9978462464,CUS-0384,Savings,active,461500,2015-08-15,ENTIN Kaduna
9986616742,CUS-0385,Savings,active,2659400,2013-03-15,ENTIN Wuse
9930746491,CUS-0386,Savings,active,216000,2016-04-15,ENTIN Ikeja
9916279824,CUS-0387,Savings,active,2446800,2013-09-15,ENTIN Ikeja
9966683513,CUS-0388,Savings,active,632100,2014-02-15,ENTIN Surulere
9985163816,CUS-0389,Savings,active,607200,2016-02-15,ENTIN Port Harcourt
9910397222,CUS-0390,Savings,active,536500,2015-05-15,ENTIN Kaduna
9920137304,CUS-0391,Savings,active,854500,2025-08-15,ENTIN Lekki
9920586006,CUS-0391,Current,active,900000,2022-12-15,ENTIN Lekki
9991287050,CUS-0392,Savings,active,460200,2019-06-15,ENTIN Enugu
9963393349,CUS-0392,Current,active,400000,2023-10-15,ENTIN Enugu
9978315160,CUS-0393,Savings,active,484000,2016-02-15,ENTIN Lekki
9948693005,CUS-0394,Savings,active,464200,2023-12-15,ENTIN Port Harcourt
9969124143,CUS-0395,Savings,active,78000,2016-03-15,ENTIN Garki
9979503876,CUS-0396,Savings,active,605500,2022-01-15,ENTIN Kano
9939504343,CUS-0397,Savings,active,2440400,2021-11-15,ENTIN Lekki
9963495400,CUS-0398,Savings,active,220500,2012-08-15,ENTIN Ikeja
9942983565,CUS-0399,Savings,active,383600,2012-08-15,ENTIN Ikeja
9927020003,CUS-0400,Savings,active,320000,2024-06-15,ENTIN Benin City
9916928668,CUS-0401,Savings,active,151900,2016-02-15,ENTIN Ibadan
9957851156,CUS-0402,Savings,active,463000,2025-05-15,ENTIN Surulere
9900193723,CUS-0402,Current,active,80000,2017-11-15,ENTIN Surulere
9978555237,CUS-0403,Savings,active,2879500,2015-06-15,ENTIN Surulere
9918022090,CUS-0404,Savings,active,676700,2016-08-15,ENTIN Enugu
9968853106,CUS-0405,Savings,active,515200,2017-02-15,ENTIN Enugu
9986833881,CUS-0406,Savings,active,518000,2013-09-15,ENTIN Garki
9927834375,CUS-0407,Savings,active,460500,2020-12-15,ENTIN Kaduna
9988225489,CUS-0408,Savings,active,487200,2016-02-15,ENTIN Garki
9926600363,CUS-0409,Savings,active,542100,2013-11-15,ENTIN Ikeja
9925723398,CUS-0409,Current,active,900000,2016-02-15,ENTIN Ikeja
9922696173,CUS-0410,Savings,active,52900,2023-06-15,ENTIN Surulere
9993781137,CUS-0411,Savings,active,746500,2020-09-15,ENTIN Surulere
9954372850,CUS-0412,Savings,active,466200,2020-01-15,ENTIN Yaba
9988958664,CUS-0413,Savings,active,2520500,2021-10-15,ENTIN Port Harcourt
9977024396,CUS-0414,Savings,active,2708500,2017-12-15,ENTIN Kaduna
9933680819,CUS-0415,Savings,active,432000,2014-03-15,ENTIN Benin City
9968703649,CUS-0416,Savings,active,253100,2024-05-15,ENTIN Port Harcourt
9965144969,CUS-0417,Savings,active,767000,2020-10-15,ENTIN Benin City
9975201362,CUS-0418,Savings,active,3559800,2023-11-15,ENTIN Kaduna
9947242692,CUS-0419,Savings,active,1074400,2015-08-15,ENTIN Wuse
9910053672,CUS-0419,Current,active,150000,2019-10-15,ENTIN Wuse
9939184404,CUS-0420,Savings,active,1025000,2019-09-15,ENTIN Yaba
9917263678,CUS-0421,Savings,active,187500,2014-05-15,ENTIN Benin City
9981759426,CUS-0422,Savings,active,1096000,2022-11-15,ENTIN Ikeja
9996846104,CUS-0423,Savings,active,2671700,2024-10-15,ENTIN Surulere
9968184455,CUS-0424,Savings,active,91100,2013-01-15,ENTIN Enugu
9940818369,CUS-0425,Savings,active,464700,2016-01-15,ENTIN Ikeja
9934753413,CUS-0425,Current,active,900000,2019-09-15,ENTIN Ikeja
9934548587,CUS-0426,Savings,active,376000,2017-12-15,ENTIN Port Harcourt
9914290139,CUS-0427,Savings,active,715000,2019-10-15,ENTIN Garki
9988816041,CUS-0428,Savings,active,405300,2021-02-15,ENTIN Yaba
9962754614,CUS-0429,Savings,active,1108100,2012-03-15,ENTIN Benin City
9922159393,CUS-0430,Savings,active,85700,2013-06-15,ENTIN Kano
9985406888,CUS-0431,Savings,active,2617500,2014-04-15,ENTIN Lekki
9919851832,CUS-0431,Current,active,900000,2016-09-15,ENTIN Lekki
9901762982,CUS-0432,Savings,active,1017000,2017-01-15,ENTIN Wuse
9973633995,CUS-0433,Savings,active,1133000,2023-09-15,ENTIN Benin City
9998934709,CUS-0434,Savings,active,370200,2025-11-15,ENTIN Yaba
9996618422,CUS-0435,Savings,active,201500,2016-06-15,ENTIN Port Harcourt
9957764503,CUS-0436,Savings,active,1534400,2014-04-15,ENTIN Ibadan
9935652556,CUS-0437,Savings,active,1202700,2016-07-15,ENTIN Benin City
9912614443,CUS-0438,Savings,active,3178200,2013-04-15,ENTIN Garki
9979594787,CUS-0439,Savings,active,812400,2017-09-15,ENTIN Lekki
9953918603,CUS-0440,Savings,active,518100,2023-01-15,ENTIN Ikeja
9989912305,CUS-0441,Savings,dormant,96000,2018-03-15,ENTIN Ikeja
9996044337,CUS-0442,Savings,active,3641100,2025-05-15,ENTIN Kaduna
9975532263,CUS-0442,Current,active,2500000,2022-12-15,ENTIN Kaduna
9932469947,CUS-0443,Savings,active,40500,2012-01-15,ENTIN Kano
9984434096,CUS-0444,Savings,active,392700,2024-07-15,ENTIN Ibadan
9937220724,CUS-0445,Savings,active,368200,2014-05-15,ENTIN Lekki
9965552641,CUS-0446,Savings,active,580500,2019-11-15,ENTIN Port Harcourt
9988158943,CUS-0447,Savings,active,43700,2025-12-15,ENTIN Yaba
9949863391,CUS-0448,Savings,active,72200,2015-11-15,ENTIN Enugu
9921814877,CUS-0449,Savings,active,533700,2023-04-15,ENTIN Lekki
9931478410,CUS-0450,Savings,active,403000,2021-04-15,ENTIN Kaduna
9961219558,CUS-0451,Savings,active,1112500,2023-06-15,ENTIN Yaba
9921145268,CUS-0452,Savings,active,488200,2012-12-15,ENTIN Kaduna
9912705740,CUS-0453,Savings,active,1035700,2022-06-15,ENTIN Benin City
9915943156,CUS-0454,Savings,active,2488500,2012-01-15,ENTIN Wuse
9901786063,CUS-0454,Current,active,35000,2016-08-15,ENTIN Wuse
9902792166,CUS-0455,Savings,active,1065300,2016-03-15,ENTIN Surulere
9972514839,CUS-0456,Savings,active,706700,2019-04-15,ENTIN Surulere
9951470242,CUS-0457,Savings,active,55000,2025-12-15,ENTIN Surulere
9904367085,CUS-0458,Savings,active,189900,2020-12-15,ENTIN Ibadan
9996173946,CUS-0459,Savings,active,312000,2022-08-15,ENTIN Surulere
9955245029,CUS-0460,Savings,active,476200,2012-08-15,ENTIN Yaba
9906704957,CUS-0461,Savings,active,128200,2024-05-15,ENTIN Wuse
9959698980,CUS-0462,Savings,active,477000,2022-04-15,ENTIN Enugu
9930718439,CUS-0463,Savings,active,626200,2012-04-15,ENTIN Garki
9998523750,CUS-0464,Savings,active,187000,2025-07-15,ENTIN Yaba
9919915036,CUS-0465,Savings,active,1308900,2014-08-15,ENTIN Surulere
9921435033,CUS-0466,Savings,active,1040500,2021-11-15,ENTIN Enugu
9930828759,CUS-0467,Savings,active,2768200,2012-09-15,ENTIN Port Harcourt
9916264223,CUS-0468,Savings,active,1446200,2024-08-15,ENTIN Benin City
9968933238,CUS-0469,Savings,active,400900,2019-02-15,ENTIN Lekki
9929794391,CUS-0470,Savings,active,524100,2025-07-15,ENTIN Garki
9943902366,CUS-0471,Savings,active,25000,2019-07-15,ENTIN Lekki
9933859016,CUS-0472,Savings,active,1183200,2016-03-15,ENTIN Surulere
9925088977,CUS-0472,Current,active,150000,2020-02-15,ENTIN Surulere
9956177643,CUS-0473,Savings,active,164900,2014-03-15,ENTIN Enugu
9967078673,CUS-0474,Savings,active,254500,2022-03-15,ENTIN Yaba
9942169114,CUS-0475,Savings,active,371600,2025-12-15,ENTIN Kano
9990474627,CUS-0476,Savings,active,2936800,2021-03-15,ENTIN Port Harcourt
9950606428,CUS-0477,Savings,active,56000,2024-06-15,ENTIN Yaba
9926098818,CUS-0478,Savings,active,3675700,2013-11-15,ENTIN Lekki
9976613626,CUS-0479,Savings,active,1084100,2021-02-15,ENTIN Wuse
9918302667,CUS-0479,Current,active,2500000,2012-07-15,ENTIN Wuse
9952051483,CUS-0480,Savings,active,3633900,2019-04-15,ENTIN Wuse
9939475693,CUS-0481,Savings,active,405200,2018-11-15,ENTIN Garki
9931572769,CUS-0482,Savings,active,837100,2017-05-15,ENTIN Garki
9911236417,CUS-0482,Current,active,900000,2013-07-15,ENTIN Garki
9956134913,CUS-0483,Savings,active,104500,2018-05-15,ENTIN Ikeja
9930311981,CUS-0483,Current,active,150000,2018-09-15,ENTIN Ikeja
9979764044,CUS-0484,Savings,active,665000,2022-10-15,ENTIN Ikeja
9906363978,CUS-0484,Current,active,400000,2020-10-15,ENTIN Ikeja
9974291653,CUS-0485,Savings,active,2783200,2021-04-15,ENTIN Lekki
9956936295,CUS-0486,Savings,active,796500,2018-04-15,ENTIN Garki
9989218380,CUS-0487,Savings,active,1121700,2025-02-15,ENTIN Ikeja
9947422699,CUS-0488,Savings,active,330000,2019-11-15,ENTIN Garki
9904477391,CUS-0489,Savings,active,100700,2025-06-15,ENTIN Port Harcourt
9997818827,CUS-0490,Savings,active,860200,2014-01-15,ENTIN Yaba
9971365877,CUS-0491,Savings,active,1037200,2014-12-15,ENTIN Yaba
9909587010,CUS-0492,Savings,active,2061700,2014-04-15,ENTIN Kano
9915364042,CUS-0492,Current,active,80000,2012-09-15,ENTIN Kano
9914772348,CUS-0493,Savings,active,1163700,2025-02-15,ENTIN Enugu
9961232402,CUS-0494,Savings,active,320500,2019-07-15,ENTIN Lekki
9921089129,CUS-0495,Savings,active,1566000,2012-12-15,ENTIN Kaduna
9992039930,CUS-0496,Savings,active,3043500,2021-05-15,ENTIN Port Harcourt
9975222469,CUS-0497,Savings,active,28500,2025-01-15,ENTIN Kano
9973945097,CUS-0498,Savings,active,1266000,2023-08-15,ENTIN Ibadan
9952647161,CUS-0499,Savings,active,182600,2025-12-15,ENTIN Ibadan
9934447608,CUS-0500,Savings,active,883200,2016-10-15,ENTIN Benin City
