customer_id,full_name,date_of_birth,phone,phone_last4,email,state,city,segment,customer_since,scenario
CUS-0001,Adaeze Okafor,1991-03-14,+2347000010001,0001,adaeze.okafor1@example.com,Lagos,Lekki,Retail,2020-11-01,"S01 transfer debited, recipient not credited (within 72h)"
CUS-0002,Tunde Bakare,1988-07-02,+2347000010002,0002,tunde.bakare2@example.com,Lagos,Ikeja,Retail,2013-05-01,"S02 transfer failed, not debited"
CUS-0003,Chinedu Eze,1985-11-23,+2347000010003,0003,chinedu.eze3@example.com,Edo,Benin City,Retail,2020-09-01,S03 reversal completed; has open ticket TKT-104233
CUS-0004,Halima Yusuf,1993-01-30,+2347000010004,0004,halima.yusuf4@example.com,Kano,Kano,Retail,2013-07-01,S04 reversal overdue; ticket TKT-104250 past SLA
CUS-0005,Emeka Nwosu,1990-05-09,+2347000010005,0005,emeka.nwosu5@example.com,Lagos,Yaba,Retail,2023-09-01,S05 transfer pending 20 minutes
CUS-0006,Funke Adeyemi,1987-09-17,+2347000010006,0006,funke.adeyemi6@example.com,FCT,Wuse,Retail,2022-05-01,"S06 ATM (other bank) debited, no cash"
CUS-0007,Ibrahim Musa,1992-12-01,+2347000010007,0007,ibrahim.musa7@example.com,Oyo,Ibadan,Retail,2015-05-01,S07 POS double debit
CUS-0008,Ngozi Obi,1995-04-21,+2347000010008,0008,ngozi.obi8@example.com,FCT,Wuse,Retail,2014-07-01,S08 card declined: insufficient funds
CUS-0009,Segun Ade,1989-08-08,+2347000010009,0009,segun.ade9@example.com,Enugu,Enugu,Retail,2025-02-01,S09 card declined: online payments off
CUS-0010,Aisha Bello,1994-02-11,+2347000010010,0010,aisha.bello10@example.com,Kaduna,Kaduna,Retail,2024-08-01,S10 card on fraud hold
CUS-0011,Kelechi Umeh,1986-06-19,+2347000010011,0011,kelechi.umeh11@example.com,FCT,Wuse,Retail,2018-03-01,S11 lost card
CUS-0012,Ronke Adebayo,1983-10-05,+2347000010012,0012,ronke.adebayo12@example.com,Kano,Kano,Retail,2022-05-01,S12 three unrecognised web debits at 2am
CUS-0013,Uche Okonkwo,1996-03-03,+2347000010013,0013,uche.okonkwo13@example.com,Oyo,Ibadan,Retail,2022-12-01,"S13 new phone, device not linked"
CUS-0014,Grace Etim,1990-12-25,+2347000010014,0014,grace.etim14@example.com,Lagos,Yaba,Retail,2015-09-01,S14 mobile profile locked
CUS-0015,Uche Obi,1988-05-15,+2347000010015,0015,uche.obi15@example.com,Lagos,Yaba,Retail,2019-08-01,
CUS-0016,Musa Danjuma,1984-07-15,+2347000010016,0016,musa.danjuma16@example.com,Enugu,Enugu,Retail,2016-11-01,S16 OTP blocked by DND
CUS-0017,Seun Oladipo,1999-02-10,+2347000010017,0017,seun.oladipo17@example.com,FCT,Garki,Retail,2016-02-01,
CUS-0018,Femi Ogun,1982-01-27,+2347000010018,0018,femi.ogun18@example.com,Kaduna,Kaduna,Retail,2020-11-01,S18 volunteers PIN
CUS-0019,Joy Nnaji,1997-05-30,+2347000010019,0019,joy.nnaji19@example.com,FCT,Garki,Retail,2012-09-01,"S19 scammed, shared OTP, N80,000 left"
CUS-0020,Tope Salami,1981-09-09,+2347000010020,0020,tope.salami20@example.com,Kaduna,Kaduna,Retail,2016-01-01,S20 account restricted
CUS-0021,Lola Efiong,1987-05-26,+2347000010021,0021,lola.efiong21@example.com,Lagos,Yaba,Retail,2012-05-01,
CUS-0022,Aisha Etim,2002-04-16,+2347000010022,0022,aisha.etim22@example.com,Lagos,Ikeja,Retail,2022-09-01,
CUS-0023,Usman Idris,1988-03-16,+2347000010023,0023,usman.idris23@example.com,Lagos,Ikeja,Retail,2025-09-01,
CUS-0024,Daniel Okoro,1979-04-04,+2347000010024,0024,daniel.okoro24@example.com,FCT,Wuse,Retail,2018-07-01,"S24 N2,500,000 transfer not received"
CUS-0025,Kemi Oladipo,1992-10-10,+2347000010025,0025,kemi.oladipo25@example.com,Kaduna,Kaduna,Retail,2014-05-01,S25 wants a human
CUS-0026,Chinedu Chukwu,1996-03-06,+2347000010026,0026,chinedu.chukwu26@example.com,Lagos,Ikeja,Retail,2020-11-01,
CUS-0027,Tope Olatunji,1981-11-04,+2347000010027,0027,tope.olatunji27@example.com,FCT,Garki,Retail,2019-02-01,
CUS-0028,Mercy Oghene,2004-08-13,+2347000010028,0028,mercy.oghene28@example.com,FCT,Garki,Retail,2024-08-01,
CUS-0029,Dayo Akinola,1978-03-18,+2347000010029,0029,dayo.akinola29@example.com,Kaduna,Kaduna,Retail,2017-03-01,
CUS-0030,Ebere Onyekachi,1983-01-13,+2347000010030,0030,ebere.onyekachi30@example.com,Edo,Benin City,Retail,2016-09-01,
CUS-0031,Obinna Chukwu,1991-08-18,+2347000010031,0031,obinna.chukwu31@example.com,FCT,Garki,SME,2015-08-01,"S31 no reference, several similar transfers"
CUS-0032,Zainab Lawal,1993-06-06,+2347000010032,0032,zainab.lawal32@example.com,Oyo,Ibadan,Retail,2022-03-01,"S32 does not recognise N150,000"
CUS-0033,Ogechi Bassey,1983-06-12,+2347000010033,0033,ogechi.bassey33@example.com,FCT,Garki,Retail,2016-08-01,
CUS-0034,Bayo Ogunleye,1980-02-29,+2347000010034,0034,bayo.ogunleye34@example.com,FCT,Wuse,Retail,2012-07-01,S34 block every card (3 cards)
CUS-0035,Ebere Efiong,1970-09-07,+2347000010035,0035,ebere.efiong35@example.com,FCT,Wuse,Retail,2023-08-01,
CUS-0036,Amaka Nwachukwu,1988-12-12,+2347000010036,0036,amaka.nwachukwu36@example.com,Lagos,Yaba,Retail,2024-03-01,S36 reported the same issue three times
CUS-0037,Gerald Okeke,1990-06-15,+2347000010037,0037,gerald.okeke37@example.com,Lagos,Yaba,Retail,2014-12-01,"S37 DEMO: N70,000 deducted yesterday ~4pm, doesn't know why"
CUS-0038,Ifeanyi Nwachukwu,2004-07-07,+2347000010038,0038,ifeanyi.nwachukwu38@example.com,Lagos,Yaba,Retail,2022-08-01,
CUS-0039,Ngozi Chukwu,2001-12-06,+2347000010039,0039,ngozi.chukwu39@example.com,Lagos,Lekki,Retail,2022-07-01,
CUS-0040,Segun Ekanem,1984-08-13,+2347000010040,0040,segun.ekanem40@example.com,Enugu,Enugu,Retail,2012-12-01,
CUS-0041,Tunde Ikpe,1998-02-13,+2347000010041,0041,tunde.ikpe41@example.com,Kaduna,Kaduna,Retail,2019-10-01,
CUS-0042,Dayo Edet,1981-08-08,+2347000010042,0042,dayo.edet42@example.com,FCT,Garki,Retail,2019-12-01,
CUS-0043,Grace Ekanem,1986-12-02,+2347000010043,0043,grace.ekanem43@example.com,Kano,Kano,Retail,2014-05-01,
CUS-0044,Lola Akinola,1987-02-26,+2347000010044,0044,lola.akinola44@example.com,Lagos,Lekki,Retail,2018-07-01,
CUS-0045,Bukola Ikpe,1994-11-02,+2347000010045,0045,bukola.ikpe45@example.com,Lagos,Surulere,Retail,2019-01-01,
CUS-0046,Ogechi Okeke,1984-04-18,+2347000010046,0046,ogechi.okeke46@example.com,Rivers,Port Harcourt,Retail,2015-01-01,
CUS-0047,Kelechi Obi,1997-02-05,+2347000010047,0047,kelechi.obi47@example.com,Lagos,Ikeja,Retail,2013-12-01,
CUS-0048,Amaka Efiong,1962-01-11,+2347000010048,0048,amaka.efiong48@example.com,Edo,Benin City,Retail,2019-10-01,
CUS-0049,Kelechi Eze,1986-05-15,+2347000010049,0049,kelechi.eze49@example.com,Oyo,Ibadan,Retail,2025-05-01,
CUS-0050,Nkechi Nwosu,2000-06-21,+2347000010050,0050,nkechi.nwosu50@example.com,Kano,Kano,Retail,2021-09-01,
CUS-0051,Esther Omoregie,2002-08-22,+2347000010051,0051,esther.omoregie51@example.com,Lagos,Ikeja,Retail,2023-01-01,
CUS-0052,Chinedu Okeke,1989-07-20,+2347000010052,0052,chinedu.okeke52@example.com,FCT,Garki,Retail,2024-04-01,
CUS-0053,Lola Bakare,1969-04-13,+2347000010053,0053,lola.bakare53@example.com,Lagos,Lekki,Retail,2017-11-01,
CUS-0054,Ogechi Nnaji,1973-02-03,+2347000010054,0054,ogechi.nnaji54@example.com,FCT,Garki,Retail,2019-08-01,
CUS-0055,Halima Garba,1973-07-21,+2347000010055,0055,halima.garba55@example.com,Lagos,Lekki,Retail,2020-09-01,
CUS-0056,Joy Otu,1978-06-14,+2347000010056,0056,joy.otu56@example.com,Enugu,Enugu,Retail,2016-04-01,
CUS-0057,Nnamdi Chukwu,1995-05-09,+2347000010057,0057,nnamdi.chukwu57@example.com,FCT,Wuse,SME,2021-04-01,
CUS-0058,Rukayya Abdullahi,1988-08-02,+2347000010058,0058,rukayya.abdullahi58@example.com,Enugu,Enugu,SME,2023-05-01,
CUS-0059,Ronke Adeyemi,1985-10-18,+2347000010059,0059,ronke.adeyemi59@example.com,Oyo,Ibadan,SME,2021-09-01,
CUS-0060,Segun Adewale,1963-05-14,+2347000010060,0060,segun.adewale60@example.com,FCT,Garki,Retail,2025-08-01,
CUS-0061,Esther Akpan,1968-03-14,+2347000010061,0061,esther.akpan61@example.com,Lagos,Surulere,Retail,2023-08-01,
CUS-0062,Femi Ekanem,1974-06-09,+2347000010062,0062,femi.ekanem62@example.com,Lagos,Lekki,Retail,2020-02-01,
CUS-0063,Godwin Ekanem,1973-06-16,+2347000010063,0063,godwin.ekanem63@example.com,Lagos,Lekki,Retail,2021-03-01,
CUS-0064,Kunle Bakare,1978-11-27,+2347000010064,0064,kunle.bakare64@example.com,Rivers,Port Harcourt,SME,2017-05-01,
CUS-0065,Efe Ogbeide,1996-12-20,+2347000010065,0065,efe.ogbeide65@example.com,Lagos,Surulere,SME,2025-11-01,
CUS-0066,Adebayo Akinola,1965-11-20,+2347000010066,0066,adebayo.akinola66@example.com,Lagos,Ikeja,Retail,2025-11-01,
CUS-0067,Godwin Omoregie,2003-03-27,+2347000010067,0067,godwin.omoregie67@example.com,Lagos,Surulere,Retail,2016-03-01,
CUS-0068,Patience Oghene,1977-12-26,+2347000010068,0068,patience.oghene68@example.com,Edo,Benin City,Retail,2017-09-01,
CUS-0069,Mercy Okoro,1969-12-22,+2347000010069,0069,mercy.okoro69@example.com,FCT,Wuse,SME,2012-09-01,
CUS-0070,Joy Edet,1979-05-13,+2347000010070,0070,joy.edet70@example.com,Lagos,Ikeja,Retail,2013-10-01,
CUS-0071,Yemisi Adeyemi,1974-10-05,+2347000010071,0071,yemisi.adeyemi71@example.com,Oyo,Ibadan,Retail,2015-01-01,
CUS-0072,Bello Abdullahi,1967-02-01,+2347000010072,0072,bello.abdullahi72@example.com,Lagos,Yaba,SME,2020-04-01,
CUS-0073,Maryam Umar,1977-01-03,+2347000010073,0073,maryam.umar73@example.com,Lagos,Yaba,Retail,2012-09-01,
CUS-0074,Kunle Akinola,1965-03-16,+2347000010074,0074,kunle.akinola74@example.com,Kaduna,Kaduna,Retail,2020-07-01,
CUS-0075,Kelechi Ikpe,1974-05-18,+2347000010075,0075,kelechi.ikpe75@example.com,Edo,Benin City,SME,2016-02-01,
CUS-0076,Amaka Onyekachi,1971-01-24,+2347000010076,0076,amaka.onyekachi76@example.com,FCT,Wuse,Retail,2014-09-01,
CUS-0077,Yusuf Etim,1968-04-08,+2347000010077,0077,yusuf.etim77@example.com,Edo,Benin City,Retail,2017-03-01,
CUS-0078,Gerald Okoro,1974-09-12,+2347000010078,0078,gerald.okoro78@example.com,Rivers,Port Harcourt,SME,2012-01-01,
CUS-0079,Tunde Oyelaran,1985-02-02,+2347000010079,0079,tunde.oyelaran79@example.com,Edo,Benin City,Retail,2024-01-01,
CUS-0080,Lola Omoregie,1996-01-25,+2347000010080,0080,lola.omoregie80@example.com,Lagos,Lekki,Retail,2015-02-01,
CUS-0081,Femi Edet,2000-11-09,+2347000010081,0081,femi.edet81@example.com,Lagos,Lekki,Retail,2015-05-01,
CUS-0082,Ibrahim Danjuma,1972-05-27,+2347000010082,0082,ibrahim.danjuma82@example.com,Rivers,Port Harcourt,Retail,2017-05-01,
CUS-0083,Precious Akpan,1991-02-08,+2347000010083,0083,precious.akpan83@example.com,Enugu,Enugu,Retail,2023-01-01,
CUS-0084,Ifeanyi Ikpe,2000-03-13,+2347000010084,0084,ifeanyi.ikpe84@example.com,Kano,Kano,Retail,2019-02-01,
CUS-0085,Emmanuel Etim,1993-09-17,+2347000010085,0085,emmanuel.etim85@example.com,Lagos,Yaba,SME,2015-10-01,
CUS-0086,Seun Ikpe,1988-11-01,+2347000010086,0086,seun.ikpe86@example.com,Lagos,Ikeja,Retail,2020-03-01,
CUS-0087,Blessing Ikpe,1990-05-14,+2347000010087,0087,blessing.ikpe87@example.com,Rivers,Port Harcourt,Retail,2014-11-01,
CUS-0088,Esther Ogbeide,1973-02-18,+2347000010088,0088,esther.ogbeide88@example.com,Enugu,Enugu,Retail,2024-04-01,
CUS-0089,Bisola Akpan,1993-02-12,+2347000010089,0089,bisola.akpan89@example.com,Kaduna,Kaduna,SME,2022-03-01,
CUS-0090,Gerald Oghene,1987-04-10,+2347000010090,0090,gerald.oghene90@example.com,FCT,Garki,Retail,2025-01-01,
CUS-0091,Aminu Etim,1963-08-21,+2347000010091,0091,aminu.etim91@example.com,FCT,Wuse,Retail,2017-02-01,
CUS-0092,Joy Ogbeide,2003-12-20,+2347000010092,0092,joy.ogbeide92@example.com,Rivers,Port Harcourt,SME,2012-02-01,
CUS-0093,Titilayo Otu,1983-04-03,+2347000010093,0093,titilayo.otu93@example.com,FCT,Wuse,Retail,2019-11-01,
CUS-0094,Dayo Akpan,2000-09-02,+2347000010094,0094,dayo.akpan94@example.com,Edo,Benin City,Retail,2017-09-01,
CUS-0095,Bello Lawal,1985-08-26,+2347000010095,0095,bello.lawal95@example.com,FCT,Garki,SME,2021-12-01,
CUS-0096,Patience Ikpe,1990-07-07,+2347000010096,0096,patience.ikpe96@example.com,Kaduna,Kaduna,Retail,2020-09-01,
CUS-0097,Hadiza Yusuf,1979-04-27,+2347000010097,0097,hadiza.yusuf97@example.com,Enugu,Enugu,Retail,2025-06-01,
CUS-0098,Emmanuel Edet,1971-01-06,+2347000010098,0098,emmanuel.edet98@example.com,Kano,Kano,Retail,2020-06-01,
CUS-0099,Aminu Abdullahi,1988-07-01,+2347000010099,0099,aminu.abdullahi99@example.com,Edo,Benin City,Retail,2024-05-01,
CUS-0100,Joy Ikpe,1978-09-07,+2347000010100,0100,joy.ikpe100@example.com,Rivers,Port Harcourt,Retail,2012-04-01,
CUS-0101,Adebayo Ogunbiyi,1999-10-06,+2347000010101,0101,adebayo.ogunbiyi101@example.com,Enugu,Enugu,Retail,2023-09-01,
CUS-0102,Blessing Omoregie,1992-12-10,+2347000010102,0102,blessing.omoregie102@example.com,Oyo,Ibadan,SME,2019-04-01,
CUS-0103,Titilayo Adebayo,1983-10-03,+2347000010103,0103,titilayo.adebayo103@example.com,Kano,Kano,Retail,2015-09-01,
CUS-0104,Ikenna Ogbeide,1996-04-12,+2347000010104,0104,ikenna.ogbeide104@example.com,Edo,Benin City,Retail,2012-03-01,
CUS-0105,Adaeze Onyekachi,1964-08-03,+2347000010105,0105,adaeze.onyekachi105@example.com,FCT,Wuse,Retail,2017-06-01,
CUS-0106,Aisha Otu,1995-03-08,+2347000010106,0106,aisha.otu106@example.com,Lagos,Surulere,Retail,2016-04-01,
CUS-0107,Usman Otu,1972-10-18,+2347000010107,0107,usman.otu107@example.com,Lagos,Lekki,Retail,2024-12-01,
CUS-0108,Daniel Oghene,1969-11-26,+2347000010108,0108,daniel.oghene108@example.com,Kaduna,Kaduna,Retail,2024-12-01,
CUS-0109,Idara Etim,1994-01-19,+2347000010109,0109,idara.etim109@example.com,Lagos,Ikeja,Retail,2014-08-01,
CUS-0110,Funke Oyelaran,1968-08-06,+2347000010110,0110,funke.oyelaran110@example.com,Rivers,Port Harcourt,SME,2022-11-01,
CUS-0111,Wale Adeyemi,2000-02-08,+2347000010111,0111,wale.adeyemi111@example.com,Lagos,Lekki,Retail,2019-01-01,
CUS-0112,Efe Otu,2004-02-15,+2347000010112,0112,efe.otu112@example.com,Edo,Benin City,Retail,2018-12-01,
CUS-0113,Emmanuel Ekanem,1989-11-13,+2347000010113,0113,emmanuel.ekanem113@example.com,Kaduna,Kaduna,Retail,2012-05-01,
CUS-0114,Bukola Ogunleye,1968-07-22,+2347000010114,0114,bukola.ogunleye114@example.com,Kano,Kano,Retail,2019-09-01,
CUS-0115,Yusuf Aliyu,1970-12-14,+2347000010115,0115,yusuf.aliyu115@example.com,Lagos,Ikeja,SME,2013-03-01,
CUS-0116,Ibrahim Otu,1975-12-25,+2347000010116,0116,ibrahim.otu116@example.com,Oyo,Ibadan,Retail,2025-08-01,
CUS-0117,Ebere Ogbeide,1984-01-10,+2347000010117,0117,ebere.ogbeide117@example.com,Lagos,Surulere,Retail,2019-05-01,
CUS-0118,Funke Akinola,1965-09-26,+2347000010118,0118,funke.akinola118@example.com,Oyo,Ibadan,Retail,2025-02-01,
CUS-0119,Zainab Idris,1990-11-01,+2347000010119,0119,zainab.idris119@example.com,Oyo,Ibadan,Retail,2020-12-01,
CUS-0120,Femi Oladipo,1975-09-03,+2347000010120,0120,femi.oladipo120@example.com,Oyo,Ibadan,Retail,2013-07-01,
CUS-0121,Ogechi Ikpe,1985-04-02,+2347000010121,0121,ogechi.ikpe121@example.com,Lagos,Ikeja,Retail,2014-12-01,
CUS-0122,Sani Aliyu,1967-03-08,+2347000010122,0122,sani.aliyu122@example.com,Oyo,Ibadan,Retail,2014-09-01,
CUS-0123,Precious Etim,1967-03-03,+2347000010123,0123,precious.etim123@example.com,Lagos,Yaba,Retail,2012-12-01,
CUS-0124,Femi Salami,1990-07-03,+2347000010124,0124,femi.salami124@example.com,Lagos,Yaba,Retail,2018-06-01,
CUS-0125,Kelechi Efiong,1996-04-21,+2347000010125,0125,kelechi.efiong125@example.com,Lagos,Yaba,Retail,2018-12-01,
CUS-0126,Ngozi Okonkwo,1969-04-11,+2347000010126,0126,ngozi.okonkwo126@example.com,Oyo,Ibadan,Retail,2014-02-01,
CUS-0127,Kelechi Okafor,1968-12-11,+2347000010127,0127,kelechi.okafor127@example.com,Rivers,Port Harcourt,Retail,2013-07-01,
CUS-0128,Rukayya Sule,1974-05-27,+2347000010128,0128,rukayya.sule128@example.com,Lagos,Ikeja,Retail,2015-12-01,
CUS-0129,Amaka Oghene,1999-02-17,+2347000010129,0129,amaka.oghene129@example.com,Lagos,Ikeja,Retail,2015-06-01,
CUS-0130,Chinedu Umeh,1964-08-13,+2347000010130,0130,chinedu.umeh130@example.com,FCT,Wuse,SME,2014-05-01,
CUS-0131,Lola Salami,1976-01-16,+2347000010131,0131,lola.salami131@example.com,Lagos,Ikeja,Retail,2024-01-01,
CUS-0132,Fatima Etim,1979-06-05,+2347000010132,0132,fatima.etim132@example.com,Enugu,Enugu,Retail,2022-02-01,
CUS-0133,Usman Musa,1986-07-25,+2347000010133,0133,usman.musa133@example.com,Lagos,Lekki,Retail,2025-05-01,
CUS-0134,Folake Ogunleye,1982-08-11,+2347000010134,0134,folake.ogunleye134@example.com,FCT,Garki,Retail,2012-10-01,
CUS-0135,Dayo Omoregie,1979-12-24,+2347000010135,0135,dayo.omoregie135@example.com,Lagos,Lekki,SME,2023-05-01,
CUS-0136,Amaka Umeh,1989-03-22,+2347000010136,0136,amaka.umeh136@example.com,Rivers,Port Harcourt,Retail,2017-12-01,
CUS-0137,Kemi Bakare,1990-01-08,+2347000010137,0137,kemi.bakare137@example.com,Lagos,Surulere,Retail,2018-10-01,
CUS-0138,Abubakar Abdullahi,1985-07-02,+2347000010138,0138,abubakar.abdullahi138@example.com,Kaduna,Kaduna,Retail,2025-05-01,
CUS-0139,Zainab Umar,1969-09-17,+2347000010139,0139,zainab.umar139@example.com,FCT,Wuse,Retail,2017-06-01,
CUS-0140,Funke Ogbeide,1968-11-03,+2347000010140,0140,funke.ogbeide140@example.com,Oyo,Ibadan,Retail,2012-12-01,
CUS-0141,Adaeze Chukwu,1979-09-19,+2347000010141,0141,adaeze.chukwu141@example.com,FCT,Garki,Retail,2020-07-01,
CUS-0142,Ibrahim Yusuf,1975-06-08,+2347000010142,0142,ibrahim.yusuf142@example.com,Edo,Benin City,Retail,2021-04-01,
CUS-0143,Maryam Garba,1995-02-22,+2347000010143,0143,maryam.garba143@example.com,Kano,Kano,Retail,2013-03-01,
CUS-0144,Amaka Okafor,1997-01-10,+2347000010144,0144,amaka.okafor144@example.com,Lagos,Ikeja,Retail,2024-05-01,
CUS-0145,Hauwa Oghene,1968-05-11,+2347000010145,0145,hauwa.oghene145@example.com,Lagos,Surulere,Retail,2014-06-01,
CUS-0146,Adaeze Nwachukwu,1996-08-20,+2347000010146,0146,adaeze.nwachukwu146@example.com,Kaduna,Kaduna,SME,2023-02-01,
CUS-0147,Ronke Akinola,1979-09-20,+2347000010147,0147,ronke.akinola147@example.com,Enugu,Enugu,SME,2019-10-01,
CUS-0148,Rukayya Danjuma,1995-02-07,+2347000010148,0148,rukayya.danjuma148@example.com,Lagos,Yaba,Retail,2017-04-01,
CUS-0149,Patience Ogbeide,1991-05-08,+2347000010149,0149,patience.ogbeide149@example.com,Kano,Kano,Retail,2023-11-01,
CUS-0150,Idara Akpan,1976-11-06,+2347000010150,0150,idara.akpan150@example.com,Enugu,Enugu,Retail,2023-10-01,
CUS-0151,Lola Olatunji,1983-01-16,+2347000010151,0151,lola.olatunji151@example.com,Lagos,Surulere,Retail,2014-10-01,
CUS-0152,Gerald Omoregie,2004-07-18,+2347000010152,0152,gerald.omoregie152@example.com,Lagos,Surulere,SME,2021-11-01,
CUS-0153,Zainab Oghene,1980-07-07,+2347000010153,0153,zainab.oghene153@example.com,Lagos,Lekki,Retail,2024-03-01,
CUS-0154,Halima Shehu,1973-10-06,+2347000010154,0154,halima.shehu154@example.com,FCT,Garki,Retail,2021-01-01,
CUS-0155,Lola Fashola,2004-03-24,+2347000010155,0155,lola.fashola155@example.com,Lagos,Yaba,Retail,2023-11-01,
CUS-0156,Chinedu Ibe,1981-11-04,+2347000010156,0156,chinedu.ibe156@example.com,Lagos,Yaba,Retail,2015-03-01,
CUS-0157,Idara Efiong,1985-01-27,+2347000010157,0157,idara.efiong157@example.com,Lagos,Lekki,Retail,2020-03-01,
CUS-0158,Femi Adebayo,1996-11-08,+2347000010158,0158,femi.adebayo158@example.com,Enugu,Enugu,Retail,2012-09-01,
CUS-0159,Titilayo Efiong,1998-12-14,+2347000010159,0159,titilayo.efiong159@example.com,Lagos,Lekki,Retail,2020-05-01,
CUS-0160,Grace Okoro,1976-04-04,+2347000010160,0160,grace.okoro160@example.com,Lagos,Lekki,SME,2016-06-01,
CUS-0161,Usman Umar,1994-05-09,+2347000010161,0161,usman.umar161@example.com,FCT,Wuse,Retail,2022-04-01,
CUS-0162,Chioma Eze,1992-09-08,+2347000010162,0162,chioma.eze162@example.com,Kaduna,Kaduna,Retail,2018-11-01,
CUS-0163,Chinedu Obi,2004-10-09,+2347000010163,0163,chinedu.obi163@example.com,Lagos,Lekki,Retail,2017-06-01,
CUS-0164,Bisola Ekanem,1998-04-12,+2347000010164,0164,bisola.ekanem164@example.com,Kaduna,Kaduna,Retail,2022-09-01,
CUS-0165,Ronke Oladipo,1999-05-28,+2347000010165,0165,ronke.oladipo165@example.com,Lagos,Lekki,Retail,2019-04-01,
CUS-0166,Titilayo Bakare,1995-07-14,+2347000010166,0166,titilayo.bakare166@example.com,Enugu,Enugu,Retail,2017-06-01,
CUS-0167,Rukayya Shehu,1968-03-21,+2347000010167,0167,rukayya.shehu167@example.com,Oyo,Ibadan,Retail,2016-07-01,
CUS-0168,Adebayo Efiong,1970-09-08,+2347000010168,0168,adebayo.efiong168@example.com,Lagos,Yaba,Retail,2024-10-01,
CUS-0169,Hauwa Lawal,1966-09-23,+2347000010169,0169,hauwa.lawal169@example.com,FCT,Wuse,Retail,2019-07-01,
CUS-0170,Samuel Ikpe,2004-08-04,+2347000010170,0170,samuel.ikpe170@example.com,Lagos,Lekki,Retail,2021-12-01,
CUS-0171,Patience Otu,1970-07-02,+2347000010171,0171,patience.otu171@example.com,Lagos,Yaba,Retail,2015-03-01,
CUS-0172,Zainab Efiong,1998-05-06,+2347000010172,0172,zainab.efiong172@example.com,Enugu,Enugu,Retail,2020-11-01,
CUS-0173,Joy Akpan,1992-09-12,+2347000010173,0173,joy.akpan173@example.com,Lagos,Ikeja,Retail,2014-02-01,
CUS-0174,Wale Salami,1996-05-22,+2347000010174,0174,wale.salami174@example.com,Rivers,Port Harcourt,Retail,2015-06-01,
CUS-0175,Kunle Okoro,1962-06-19,+2347000010175,0175,kunle.okoro175@example.com,Kano,Kano,Retail,2015-05-01,
CUS-0176,Idara Edet,1996-06-21,+2347000010176,0176,idara.edet176@example.com,Kaduna,Kaduna,Retail,2023-02-01,
CUS-0177,Victor Efiong,1973-06-12,+2347000010177,0177,victor.efiong177@example.com,FCT,Wuse,SME,2015-08-01,
CUS-0178,Kunle Ikpe,1980-02-11,+2347000010178,0178,kunle.ikpe178@example.com,Lagos,Ikeja,Retail,2017-01-01,
CUS-0179,Kemi Adewale,2002-12-18,+2347000010179,0179,kemi.adewale179@example.com,Lagos,Yaba,Retail,2023-11-01,
CUS-0180,Aminu Okoro,1985-06-16,+2347000010180,0180,aminu.okoro180@example.com,Rivers,Port Harcourt,SME,2023-10-01,
CUS-0181,Godwin Otu,1976-03-05,+2347000010181,0181,godwin.otu181@example.com,Edo,Benin City,Retail,2017-02-01,
CUS-0182,Maryam Idris,2001-01-06,+2347000010182,0182,maryam.idris182@example.com,Lagos,Yaba,Retail,2019-08-01,
CUS-0183,Emeka Ikpe,1995-11-28,+2347000010183,0183,emeka.ikpe183@example.com,Oyo,Ibadan,Retail,2013-03-01,
CUS-0184,Rukayya Umar,2000-09-03,+2347000010184,0184,rukayya.umar184@example.com,Edo,Benin City,Retail,2021-02-01,
CUS-0185,Folake Omoregie,1985-11-24,+2347000010185,0185,folake.omoregie185@example.com,Edo,Benin City,Retail,2012-01-01,
CUS-0186,Nkechi Chukwu,1992-01-17,+2347000010186,0186,nkechi.chukwu186@example.com,Oyo,Ibadan,Retail,2012-08-01,
CUS-0187,Segun Olatunji,1987-01-03,+2347000010187,0187,segun.olatunji187@example.com,Lagos,Surulere,Retail,2016-06-01,
CUS-0188,Patience Efiong,1964-01-07,+2347000010188,0188,patience.efiong188@example.com,FCT,Wuse,Retail,2021-08-01,
CUS-0189,Tope Oladipo,1974-12-14,+2347000010189,0189,tope.oladipo189@example.com,Edo,Benin City,Retail,2016-06-01,
CUS-0190,Kunle Otu,2004-08-05,+2347000010190,0190,kunle.otu190@example.com,FCT,Wuse,Retail,2018-04-01,
CUS-0191,Obinna Ibe,1979-02-28,+2347000010191,0191,obinna.ibe191@example.com,Lagos,Ikeja,Retail,2017-02-01,
CUS-0192,Chioma Okafor,1989-12-12,+2347000010192,0192,chioma.okafor192@example.com,Lagos,Surulere,Retail,2020-03-01,
CUS-0193,Lola Ogunbiyi,1999-09-09,+2347000010193,0193,lola.ogunbiyi193@example.com,Lagos,Ikeja,Retail,2019-05-01,
CUS-0194,Bukola Fashola,1968-03-28,+2347000010194,0194,bukola.fashola194@example.com,Edo,Benin City,Retail,2023-10-01,
CUS-0195,Uche Okafor,1987-03-02,+2347000010195,0195,uche.okafor195@example.com,FCT,Garki,Retail,2017-05-01,
CUS-0196,Chinedu Etim,1997-04-07,+2347000010196,0196,chinedu.etim196@example.com,Lagos,Surulere,Retail,2015-02-01,
CUS-0197,Aisha Idris,2001-05-28,+2347000010197,0197,aisha.idris197@example.com,Enugu,Enugu,Retail,2015-12-01,
CUS-0198,Esther Ikpe,2001-01-02,+2347000010198,0198,esther.ikpe198@example.com,FCT,Garki,Retail,2017-07-01,
CUS-0199,Ogechi Okafor,1973-04-24,+2347000010199,0199,ogechi.okafor199@example.com,Enugu,Enugu,Retail,2012-08-01,
CUS-0200,Emeka Obi,1995-04-24,+2347000010200,0200,emeka.obi200@example.com,Enugu,Enugu,Retail,2024-06-01,
CUS-0201,Gerald Etim,2002-09-19,+2347000010201,0201,gerald.etim201@example.com,FCT,Garki,Retail,2019-09-01,
CUS-0202,Ebere Oghene,2004-12-27,+2347000010202,0202,ebere.oghene202@example.com,FCT,Wuse,Retail,2017-05-01,
CUS-0203,Ikenna Otu,1990-06-15,+2347000010203,0203,ikenna.otu203@example.com,Enugu,Enugu,Retail,2015-08-01,
CUS-0204,Sani Okoro,1983-11-17,+2347000010204,0204,sani.okoro204@example.com,Rivers,Port Harcourt,Retail,2017-09-01,
CUS-0205,Tunde Ogunleye,1965-09-26,+2347000010205,0205,tunde.ogunleye205@example.com,Lagos,Surulere,Retail,2013-05-01,
CUS-0206,Nkechi Edet,1991-10-10,+2347000010206,0206,nkechi.edet206@example.com,Oyo,Ibadan,Retail,2017-08-01,
CUS-0207,Joy Etim,1994-07-04,+2347000010207,0207,joy.etim207@example.com,Oyo,Ibadan,Retail,2016-11-01,
CUS-0208,Funke Ogunleye,1983-09-28,+2347000010208,0208,funke.ogunleye208@example.com,Lagos,Surulere,Retail,2020-06-01,
CUS-0209,Mercy Akpan,1986-05-21,+2347000010209,0209,mercy.akpan209@example.com,Lagos,Ikeja,Retail,2024-06-01,
CUS-0210,Ngozi Okafor,1996-10-26,+2347000010210,0210,ngozi.okafor210@example.com,Edo,Benin City,Retail,2020-07-01,
CUS-0211,Bukola Bakare,1966-07-21,+2347000010211,0211,bukola.bakare211@example.com,FCT,Garki,Retail,2020-04-01,
CUS-0212,Sani Shehu,1988-04-08,+2347000010212,0212,sani.shehu212@example.com,FCT,Garki,Retail,2020-12-01,
CUS-0213,Patience Edet,1967-10-01,+2347000010213,0213,patience.edet213@example.com,FCT,Garki,Retail,2019-02-01,
CUS-0214,Segun Bassey,1969-07-12,+2347000010214,0214,segun.bassey214@example.com,Lagos,Yaba,Retail,2018-01-01,
CUS-0215,Aminu Musa,1991-12-25,+2347000010215,0215,aminu.musa215@example.com,FCT,Wuse,Retail,2014-10-01,
CUS-0216,Femi Bassey,2002-10-24,+2347000010216,0216,femi.bassey216@example.com,Oyo,Ibadan,Retail,2021-10-01,
CUS-0217,Samuel Otu,1990-04-06,+2347000010217,0217,samuel.otu217@example.com,Lagos,Lekki,Retail,2021-05-01,
CUS-0218,Funke Olatunji,2002-08-10,+2347000010218,0218,funke.olatunji218@example.com,FCT,Garki,Retail,2025-06-01,
CUS-0219,Ikenna Okeke,2001-10-24,+2347000010219,0219,ikenna.okeke219@example.com,Lagos,Lekki,Retail,2016-07-01,
CUS-0220,Ikenna Obi,1997-02-15,+2347000010220,0220,ikenna.obi220@example.com,FCT,Garki,Retail,2023-11-01,
CUS-0221,Kelechi Nwosu,1985-03-23,+2347000010221,0221,kelechi.nwosu221@example.com,Kaduna,Kaduna,Retail,2018-06-01,
CUS-0222,Abubakar Yusuf,2003-01-28,+2347000010222,0222,abubakar.yusuf222@example.com,FCT,Garki,Retail,2021-09-01,
CUS-0223,Chinedu Ekanem,1987-03-26,+2347000010223,0223,chinedu.ekanem223@example.com,Oyo,Ibadan,Retail,2024-11-01,
CUS-0224,Zainab Yusuf,1976-07-16,+2347000010224,0224,zainab.yusuf224@example.com,Edo,Benin City,Retail,2017-02-01,
CUS-0225,Segun Oladipo,1971-05-05,+2347000010225,0225,segun.oladipo225@example.com,Rivers,Port Harcourt,Retail,2015-01-01,
CUS-0226,Idara Ikpe,1990-03-27,+2347000010226,0226,idara.ikpe226@example.com,Lagos,Lekki,SME,2017-04-01,
CUS-0227,Segun Adebayo,2004-10-12,+2347000010227,0227,segun.adebayo227@example.com,Enugu,Enugu,Retail,2019-04-01,
CUS-0228,Abubakar Bello,1986-06-02,+2347000010228,0228,abubakar.bello228@example.com,Edo,Benin City,SME,2014-09-01,
CUS-0229,Ikenna Ekanem,1985-02-18,+2347000010229,0229,ikenna.ekanem229@example.com,Enugu,Enugu,Retail,2012-03-01,
CUS-0230,Ronke Olatunji,1972-12-23,+2347000010230,0230,ronke.olatunji230@example.com,Kano,Kano,Retail,2024-02-01,
CUS-0231,Seun Ogunleye,1980-10-11,+2347000010231,0231,seun.ogunleye231@example.com,Oyo,Ibadan,Retail,2018-07-01,
CUS-0232,Ikenna Okonkwo,1969-01-24,+2347000010232,0232,ikenna.okonkwo232@example.com,Rivers,Port Harcourt,Retail,2020-08-01,
CUS-0233,Ebere Okafor,1975-05-16,+2347000010233,0233,ebere.okafor233@example.com,Lagos,Lekki,Retail,2020-01-01,
CUS-0234,Samuel Bassey,1982-12-07,+2347000010234,0234,samuel.bassey234@example.com,Rivers,Port Harcourt,Retail,2024-11-01,
CUS-0235,Aisha Sule,1969-08-20,+2347000010235,0235,aisha.sule235@example.com,Edo,Benin City,Retail,2017-04-01,
CUS-0236,Halima Edet,1965-02-05,+2347000010236,0236,halima.edet236@example.com,Oyo,Ibadan,Retail,2015-06-01,
CUS-0237,Victor Ekanem,1985-02-13,+2347000010237,0237,victor.ekanem237@example.com,Oyo,Ibadan,Retail,2025-10-01,
CUS-0238,Wale Fashola,1995-04-25,+2347000010238,0238,wale.fashola238@example.com,Lagos,Lekki,Retail,2024-07-01,
CUS-0239,Bukola Efiong,1973-10-25,+2347000010239,0239,bukola.efiong239@example.com,Edo,Benin City,Retail,2018-10-01,
CUS-0240,Ibrahim Okoro,2004-10-25,+2347000010240,0240,ibrahim.okoro240@example.com,Kaduna,Kaduna,Retail,2022-11-01,
CUS-0241,Kelechi Akpan,1999-06-10,+2347000010241,0241,kelechi.akpan241@example.com,Lagos,Yaba,Retail,2024-06-01,
CUS-0242,Idara Ogbeide,1986-07-06,+2347000010242,0242,idara.ogbeide242@example.com,FCT,Wuse,Retail,2018-04-01,
CUS-0243,Grace Otu,1978-02-15,+2347000010243,0243,grace.otu243@example.com,FCT,Garki,Retail,2022-06-01,
CUS-0244,Obinna Okafor,1967-08-14,+2347000010244,0244,obinna.okafor244@example.com,Edo,Benin City,Retail,2014-11-01,
CUS-0245,Aminu Ikpe,1980-10-06,+2347000010245,0245,aminu.ikpe245@example.com,Lagos,Surulere,Retail,2013-02-01,
CUS-0246,Joy Oghene,1963-11-02,+2347000010246,0246,joy.oghene246@example.com,Rivers,Port Harcourt,Retail,2017-06-01,
CUS-0247,Ronke Oyelaran,1968-01-22,+2347000010247,0247,ronke.oyelaran247@example.com,Kano,Kano,Retail,2023-05-01,
CUS-0248,Rukayya Aliyu,1986-10-25,+2347000010248,0248,rukayya.aliyu248@example.com,Lagos,Yaba,Retail,2012-06-01,
CUS-0249,Wale Adewale,1998-05-20,+2347000010249,0249,wale.adewale249@example.com,Enugu,Enugu,Retail,2023-02-01,
CUS-0250,Ifeanyi Chukwu,1976-08-13,+2347000010250,0250,ifeanyi.chukwu250@example.com,Oyo,Ibadan,Retail,2016-01-01,
CUS-0251,Nnamdi Ibe,2003-10-21,+2347000010251,0251,nnamdi.ibe251@example.com,Lagos,Yaba,Retail,2015-09-01,
CUS-0252,Bukola Okoro,1992-03-10,+2347000010252,0252,bukola.okoro252@example.com,Lagos,Ikeja,Retail,2021-04-01,
CUS-0253,Usman Bassey,1963-07-05,+2347000010253,0253,usman.bassey253@example.com,Kano,Kano,SME,2024-11-01,
CUS-0254,Hauwa Bello,1990-10-26,+2347000010254,0254,hauwa.bello254@example.com,Enugu,Enugu,Retail,2022-01-01,
CUS-0255,Aminu Efiong,1994-11-24,+2347000010255,0255,aminu.efiong255@example.com,FCT,Wuse,Retail,2016-06-01,
CUS-0256,Seun Olatunji,1986-02-10,+2347000010256,0256,seun.olatunji256@example.com,Lagos,Yaba,Retail,2016-07-01,
CUS-0257,Dayo Adeyemi,1983-05-14,+2347000010257,0257,dayo.adeyemi257@example.com,Oyo,Ibadan,Retail,2018-09-01,
CUS-0258,Efe Ikpe,1989-04-22,+2347000010258,0258,efe.ikpe258@example.com,Kaduna,Kaduna,SME,2024-11-01,
CUS-0259,Chioma Nwachukwu,1997-09-02,+2347000010259,0259,chioma.nwachukwu259@example.com,Lagos,Surulere,Retail,2024-07-01,
CUS-0260,Victor Etim,1969-05-07,+2347000010260,0260,victor.etim260@example.com,Lagos,Yaba,Retail,2016-07-01,
CUS-0261,Godwin Ogbeide,1978-07-04,+2347000010261,0261,godwin.ogbeide261@example.com,Lagos,Lekki,Retail,2022-05-01,
CUS-0262,Halima Sule,1968-02-21,+2347000010262,0262,halima.sule262@example.com,FCT,Wuse,Retail,2014-04-01,
CUS-0263,Efe Oghene,1965-02-05,+2347000010263,0263,efe.oghene263@example.com,Enugu,Enugu,Retail,2016-12-01,
CUS-0264,Emeka Okafor,1977-02-20,+2347000010264,0264,emeka.okafor264@example.com,FCT,Wuse,Retail,2016-07-01,
CUS-0265,Adebayo Fashola,1988-07-01,+2347000010265,0265,adebayo.fashola265@example.com,Lagos,Lekki,Retail,2012-07-01,
CUS-0266,Chiamaka Akpan,1998-10-07,+2347000010266,0266,chiamaka.akpan266@example.com,Lagos,Ikeja,Retail,2018-05-01,
CUS-0267,Obinna Ogbeide,1964-07-22,+2347000010267,0267,obinna.ogbeide267@example.com,Lagos,Surulere,Retail,2023-08-01,
CUS-0268,Ifeanyi Efiong,1980-06-22,+2347000010268,0268,ifeanyi.efiong268@example.com,FCT,Garki,Retail,2012-09-01,
CUS-0269,Victor Ogbeide,1999-06-04,+2347000010269,0269,victor.ogbeide269@example.com,Oyo,Ibadan,Retail,2024-08-01,
CUS-0270,Bisola Ogbeide,1974-12-06,+2347000010270,0270,bisola.ogbeide270@example.com,FCT,Wuse,Retail,2015-01-01,
CUS-0271,Tope Adeyemi,1993-07-13,+2347000010271,0271,tope.adeyemi271@example.com,Enugu,Enugu,Retail,2019-11-01,
CUS-0272,Tope Ogunleye,1996-01-08,+2347000010272,0272,tope.ogunleye272@example.com,Lagos,Lekki,Retail,2022-12-01,
CUS-0273,Chioma Ibe,1971-01-24,+2347000010273,0273,chioma.ibe273@example.com,Edo,Benin City,Retail,2019-05-01,
CUS-0274,Adaeze Eze,1987-12-05,+2347000010274,0274,adaeze.eze274@example.com,Rivers,Port Harcourt,Retail,2013-03-01,
CUS-0275,Fatima Lawal,1978-01-11,+2347000010275,0275,fatima.lawal275@example.com,FCT,Garki,SME,2019-12-01,
CUS-0276,Esther Oghene,1967-07-18,+2347000010276,0276,esther.oghene276@example.com,Rivers,Port Harcourt,Retail,2025-04-01,
CUS-0277,Wale Akinola,1978-10-02,+2347000010277,0277,wale.akinola277@example.com,Edo,Benin City,SME,2023-12-01,
CUS-0278,Titilayo Bassey,2003-12-21,+2347000010278,0278,titilayo.bassey278@example.com,Kaduna,Kaduna,Retail,2024-02-01,
CUS-0279,Hadiza Edet,1969-01-15,+2347000010279,0279,hadiza.edet279@example.com,Lagos,Yaba,SME,2016-10-01,
CUS-0280,Usman Abdullahi,1992-08-06,+2347000010280,0280,usman.abdullahi280@example.com,Enugu,Enugu,Retail,2016-02-01,
CUS-0281,Ese Oghene,1989-04-20,+2347000010281,0281,ese.oghene281@example.com,Lagos,Ikeja,Retail,2023-08-01,
CUS-0282,Uche Akpan,1996-08-12,+2347000010282,0282,uche.akpan282@example.com,Lagos,Lekki,Retail,2014-11-01,
CUS-0283,Maryam Abdullahi,2002-12-15,+2347000010283,0283,maryam.abdullahi283@example.com,Oyo,Ibadan,Retail,2014-12-01,
CUS-0284,Yusuf Bassey,1964-04-07,+2347000010284,0284,yusuf.bassey284@example.com,FCT,Garki,SME,2014-04-01,
CUS-0285,Gerald Ekanem,1980-10-07,+2347000010285,0285,gerald.ekanem285@example.com,Lagos,Yaba,Retail,2014-10-01,
CUS-0286,Precious Bassey,1985-03-28,+2347000010286,0286,precious.bassey286@example.com,Kaduna,Kaduna,Retail,2021-09-01,
CUS-0287,Daniel Etim,1999-04-26,+2347000010287,0287,daniel.etim287@example.com,Rivers,Port Harcourt,Retail,2013-02-01,
CUS-0288,Titilayo Etim,1974-11-05,+2347000010288,0288,titilayo.etim288@example.com,FCT,Wuse,Retail,2022-12-01,
CUS-0289,Kunle Ekanem,2004-04-28,+2347000010289,0289,kunle.ekanem289@example.com,FCT,Garki,Retail,2014-02-01,
CUS-0290,Emmanuel Omoregie,1988-01-16,+2347000010290,0290,emmanuel.omoregie290@example.com,Rivers,Port Harcourt,Retail,2015-04-01,
CUS-0291,Wale Ogunleye,1982-05-15,+2347000010291,0291,wale.ogunleye291@example.com,Lagos,Ikeja,SME,2016-03-01,
CUS-0292,Maryam Aliyu,1966-09-21,+2347000010292,0292,maryam.aliyu292@example.com,Lagos,Ikeja,Retail,2020-05-01,
CUS-0293,Ngozi Nnaji,1995-03-06,+2347000010293,0293,ngozi.nnaji293@example.com,Kaduna,Kaduna,Retail,2022-07-01,
CUS-0294,Hauwa Bassey,1988-04-07,+2347000010294,0294,hauwa.bassey294@example.com,Oyo,Ibadan,Retail,2018-09-01,
CUS-0295,Mercy Bassey,1974-07-22,+2347000010295,0295,mercy.bassey295@example.com,Oyo,Ibadan,SME,2020-04-01,
CUS-0296,Grace Efiong,1987-09-17,+2347000010296,0296,grace.efiong296@example.com,Kano,Kano,Retail,2016-12-01,
CUS-0297,Bukola Adewale,1970-12-01,+2347000010297,0297,bukola.adewale297@example.com,Kaduna,Kaduna,SME,2014-01-01,
CUS-0298,Rukayya Bello,1990-08-14,+2347000010298,0298,rukayya.bello298@example.com,Lagos,Ikeja,Retail,2019-07-01,
CUS-0299,Chiamaka Oghene,1969-05-01,+2347000010299,0299,chiamaka.oghene299@example.com,Enugu,Enugu,Retail,2021-07-01,
CUS-0300,Maryam Ekanem,1969-09-28,+2347000010300,0300,maryam.ekanem300@example.com,FCT,Garki,Retail,2013-07-01,
CUS-0301,Idara Bassey,1986-04-08,+2347000010301,0301,idara.bassey301@example.com,FCT,Garki,Retail,2013-06-01,
CUS-0302,Folake Akinola,1962-03-23,+2347000010302,0302,folake.akinola302@example.com,Oyo,Ibadan,Retail,2018-07-01,
CUS-0303,Lola Okoro,1994-02-15,+2347000010303,0303,lola.okoro303@example.com,Rivers,Port Harcourt,Retail,2017-06-01,
CUS-0304,Hauwa Okoro,1976-11-08,+2347000010304,0304,hauwa.okoro304@example.com,Edo,Benin City,Retail,2025-12-01,
CUS-0305,Femi Ogunbiyi,1995-07-26,+2347000010305,0305,femi.ogunbiyi305@example.com,FCT,Garki,Retail,2015-11-01,
CUS-0306,Gerald Ikpe,2004-05-21,+2347000010306,0306,gerald.ikpe306@example.com,Kaduna,Kaduna,Retail,2016-02-01,
CUS-0307,Ebere Eze,1968-02-28,+2347000010307,0307,ebere.eze307@example.com,Edo,Benin City,Retail,2014-02-01,
CUS-0308,Blessing Oghene,1985-10-05,+2347000010308,0308,blessing.oghene308@example.com,Oyo,Ibadan,Retail,2022-07-01,
CUS-0309,Abubakar Omoregie,1972-05-26,+2347000010309,0309,abubakar.omoregie309@example.com,Rivers,Port Harcourt,Retail,2015-10-01,
CUS-0310,Bukola Ogunbiyi,1964-06-01,+2347000010310,0310,bukola.ogunbiyi310@example.com,FCT,Garki,Retail,2015-05-01,
CUS-0311,Kemi Okoro,1996-12-08,+2347000010311,0311,kemi.okoro311@example.com,Kaduna,Kaduna,Retail,2020-08-01,
CUS-0312,Usman Shehu,1966-11-16,+2347000010312,0312,usman.shehu312@example.com,FCT,Wuse,Retail,2012-05-01,
CUS-0313,Ngozi Ibe,1985-11-19,+2347000010313,0313,ngozi.ibe313@example.com,Kano,Kano,Retail,2021-01-01,
CUS-0314,Joy Efiong,1977-09-06,+2347000010314,0314,joy.efiong314@example.com,Edo,Benin City,Retail,2014-01-01,
CUS-0315,Ikenna Chukwu,1994-08-18,+2347000010315,0315,ikenna.chukwu315@example.com,Lagos,Yaba,SME,2017-01-01,
CUS-0316,Daniel Akpan,1992-08-16,+2347000010316,0316,daniel.akpan316@example.com,Enugu,Enugu,Retail,2016-01-01,
CUS-0317,Abubakar Danjuma,1999-11-28,+2347000010317,0317,abubakar.danjuma317@example.com,FCT,Garki,Retail,2018-08-01,
CUS-0318,Hauwa Otu,1967-11-03,+2347000010318,0318,hauwa.otu318@example.com,Lagos,Yaba,Retail,2018-12-01,
CUS-0319,Adaeze Ikpe,1977-04-06,+2347000010319,0319,adaeze.ikpe319@example.com,Kano,Kano,Retail,2022-06-01,
CUS-0320,Chiamaka Ekanem,1969-12-26,+2347000010320,0320,chiamaka.ekanem320@example.com,Lagos,Lekki,Retail,2024-12-01,
CUS-0321,Nkechi Ibe,1971-11-02,+2347000010321,0321,nkechi.ibe321@example.com,FCT,Wuse,Retail,2013-08-01,
CUS-0322,Sani Lawal,1984-05-07,+2347000010322,0322,sani.lawal322@example.com,Kaduna,Kaduna,Retail,2013-08-01,
CUS-0323,Hauwa Abdullahi,1963-10-03,+2347000010323,0323,hauwa.abdullahi323@example.com,Enugu,Enugu,Retail,2018-05-01,
CUS-0324,Hauwa Ogbeide,2004-04-17,+2347000010324,0324,hauwa.ogbeide324@example.com,Kaduna,Kaduna,Retail,2022-04-01,
CUS-0325,Ngozi Onyekachi,1968-07-05,+2347000010325,0325,ngozi.onyekachi325@example.com,Lagos,Lekki,Retail,2023-09-01,
CUS-0326,Gerald Edet,2004-11-22,+2347000010326,0326,gerald.edet326@example.com,Lagos,Yaba,Retail,2021-06-01,
CUS-0327,Emmanuel Oghene,1989-06-12,+2347000010327,0327,emmanuel.oghene327@example.com,FCT,Wuse,Retail,2016-10-01,
CUS-0328,Kemi Olatunji,1963-07-15,+2347000010328,0328,kemi.olatunji328@example.com,Kano,Kano,SME,2021-10-01,
CUS-0329,Femi Olatunji,1976-01-10,+2347000010329,0329,femi.olatunji329@example.com,Lagos,Yaba,Retail,2012-01-01,
CUS-0330,Nkechi Okafor,1993-04-04,+2347000010330,0330,nkechi.okafor330@example.com,Rivers,Port Harcourt,Retail,2018-02-01,
CUS-0331,Hadiza Oghene,1985-11-25,+2347000010331,0331,hadiza.oghene331@example.com,Lagos,Surulere,SME,2022-09-01,
CUS-0332,Nnamdi Okafor,2003-10-01,+2347000010332,0332,nnamdi.okafor332@example.com,Lagos,Surulere,Retail,2020-02-01,
CUS-0333,Victor Edet,1976-05-10,+2347000010333,0333,victor.edet333@example.com,Lagos,Ikeja,Retail,2018-11-01,
CUS-0334,Patience Etim,2002-08-16,+2347000010334,0334,patience.etim334@example.com,Edo,Benin City,Retail,2016-05-01,
CUS-0335,Sani Bassey,1980-02-23,+2347000010335,0335,sani.bassey335@example.com,Edo,Benin City,Retail,2013-03-01,
CUS-0336,Emmanuel Bassey,1978-11-01,+2347000010336,0336,emmanuel.bassey336@example.com,Edo,Benin City,Retail,2015-02-01,
CUS-0337,Halima Musa,1996-07-20,+2347000010337,0337,halima.musa337@example.com,Edo,Benin City,Retail,2017-10-01,
CUS-0338,Musa Aliyu,1977-03-21,+2347000010338,0338,musa.aliyu338@example.com,Oyo,Ibadan,Retail,2012-11-01,
CUS-0339,Yusuf Ikpe,1976-09-15,+2347000010339,0339,yusuf.ikpe339@example.com,Lagos,Yaba,SME,2019-07-01,
CUS-0340,Ngozi Umeh,1991-08-12,+2347000010340,0340,ngozi.umeh340@example.com,Lagos,Surulere,SME,2023-03-01,
CUS-0341,Efe Edet,2004-11-20,+2347000010341,0341,efe.edet341@example.com,FCT,Garki,Retail,2012-08-01,
CUS-0342,Ronke Oghene,1991-09-09,+2347000010342,0342,ronke.oghene342@example.com,Lagos,Surulere,Retail,2021-05-01,
CUS-0343,Lola Adewale,1976-06-08,+2347000010343,0343,lola.adewale343@example.com,Enugu,Enugu,Retail,2017-06-01,
CUS-0344,Emmanuel Akpan,2002-12-17,+2347000010344,0344,emmanuel.akpan344@example.com,Rivers,Port Harcourt,Retail,2016-11-01,
CUS-0345,Daniel Omoregie,1997-07-07,+2347000010345,0345,daniel.omoregie345@example.com,Lagos,Ikeja,Retail,2013-04-01,
CUS-0346,Ebere Ibe,1967-03-25,+2347000010346,0346,ebere.ibe346@example.com,Lagos,Surulere,Retail,2022-04-01,
CUS-0347,Ifeanyi Umeh,2000-07-09,+2347000010347,0347,ifeanyi.umeh347@example.com,Lagos,Lekki,Retail,2021-06-01,
CUS-0348,Uche Omoregie,1990-09-26,+2347000010348,0348,uche.omoregie348@example.com,Oyo,Ibadan,SME,2021-04-01,
CUS-0349,Hadiza Lawal,1995-03-12,+2347000010349,0349,hadiza.lawal349@example.com,Lagos,Ikeja,SME,2012-01-01,
CUS-0350,Aisha Garba,1979-03-19,+2347000010350,0350,aisha.garba350@example.com,Enugu,Enugu,Retail,2025-09-01,
CUS-0351,Segun Omoregie,1971-08-13,+2347000010351,0351,segun.omoregie351@example.com,Lagos,Lekki,SME,2022-01-01,
CUS-0352,Abubakar Shehu,1966-09-08,+2347000010352,0352,abubakar.shehu352@example.com,Lagos,Lekki,Retail,2024-02-01,
CUS-0353,Gerald Bassey,1972-11-10,+2347000010353,0353,gerald.bassey353@example.com,Lagos,Lekki,Retail,2016-07-01,
CUS-0354,Esther Ekanem,1998-08-17,+2347000010354,0354,esther.ekanem354@example.com,Lagos,Yaba,Retail,2023-08-01,
CUS-0355,Mercy Edet,1995-03-02,+2347000010355,0355,mercy.edet355@example.com,Oyo,Ibadan,Retail,2023-05-01,
CUS-0356,Amaka Nwosu,1977-03-07,+2347000010356,0356,amaka.nwosu356@example.com,Kaduna,Kaduna,Retail,2017-06-01,
CUS-0357,Precious Ekanem,1973-07-08,+2347000010357,0357,precious.ekanem357@example.com,Lagos,Surulere,Retail,2016-08-01,
CUS-0358,Grace Ogbeide,2000-08-07,+2347000010358,0358,grace.ogbeide358@example.com,Kano,Kano,Retail,2022-04-01,
CUS-0359,Hadiza Aliyu,1977-05-11,+2347000010359,0359,hadiza.aliyu359@example.com,Kano,Kano,Retail,2023-06-01,
CUS-0360,Kelechi Bassey,1996-03-12,+2347000010360,0360,kelechi.bassey360@example.com,Enugu,Enugu,Retail,2014-03-01,
CUS-0361,Blessing Edet,1974-04-21,+2347000010361,0361,blessing.edet361@example.com,Oyo,Ibadan,Retail,2017-03-01,
CUS-0362,Ibrahim Aliyu,1992-01-13,+2347000010362,0362,ibrahim.aliyu362@example.com,Rivers,Port Harcourt,Retail,2023-10-01,
CUS-0363,Folake Otu,1993-04-26,+2347000010363,0363,folake.otu363@example.com,Rivers,Port Harcourt,Retail,2017-01-01,
CUS-0364,Femi Adewale,1971-04-25,+2347000010364,0364,femi.adewale364@example.com,Lagos,Ikeja,Retail,2019-11-01,
CUS-0365,Grace Omoregie,1967-03-02,+2347000010365,0365,grace.omoregie365@example.com,Edo,Benin City,Retail,2020-12-01,
CUS-0366,Kemi Akinola,1963-05-12,+2347000010366,0366,kemi.akinola366@example.com,Oyo,Ibadan,Retail,2023-11-01,
CUS-0367,Adebayo Salami,1981-03-20,+2347000010367,0367,adebayo.salami367@example.com,Lagos,Lekki,Retail,2022-04-01,
CUS-0368,Bisola Ogunbiyi,1962-11-23,+2347000010368,0368,bisola.ogunbiyi368@example.com,Kaduna,Kaduna,SME,2021-07-01,
CUS-0369,Musa Umar,1986-02-04,+2347000010369,0369,musa.umar369@example.com,Lagos,Surulere,Retail,2012-09-01,
CUS-0370,Bukola Oyelaran,1978-04-05,+2347000010370,0370,bukola.oyelaran370@example.com,Enugu,Enugu,Retail,2023-03-01,
CUS-0371,Godwin Ikpe,1983-08-03,+2347000010371,0371,godwin.ikpe371@example.com,Rivers,Port Harcourt,SME,2012-04-01,
CUS-0372,Ebere Bassey,1969-02-16,+2347000010372,0372,ebere.bassey372@example.com,FCT,Garki,Retail,2025-02-01,
CUS-0373,Dayo Ekanem,1997-12-06,+2347000010373,0373,dayo.ekanem373@example.com,Oyo,Ibadan,Retail,2012-05-01,
CUS-0374,Seun Adeyemi,1975-02-15,+2347000010374,0374,seun.adeyemi374@example.com,Kaduna,Kaduna,Retail,2020-07-01,
CUS-0375,Grace Akpan,1994-07-06,+2347000010375,0375,grace.akpan375@example.com,FCT,Wuse,Retail,2014-01-01,
CUS-0376,Emmanuel Ikpe,1976-09-17,+2347000010376,0376,emmanuel.ikpe376@example.com,Oyo,Ibadan,Retail,2017-03-01,
CUS-0377,Bukola Akpan,2004-09-15,+2347000010377,0377,bukola.akpan377@example.com,Enugu,Enugu,SME,2017-02-01,
CUS-0378,Usman Edet,1978-11-17,+2347000010378,0378,usman.edet378@example.com,FCT,Wuse,Retail,2021-01-01,
CUS-0379,Femi Ogbeide,1969-06-22,+2347000010379,0379,femi.ogbeide379@example.com,Edo,Benin City,SME,2022-03-01,
CUS-0380,Ese Okoro,2004-05-01,+2347000010380,0380,ese.okoro380@example.com,Lagos,Yaba,SME,2013-02-01,
CUS-0381,Ikenna Nnaji,1994-10-11,+2347000010381,0381,ikenna.nnaji381@example.com,Oyo,Ibadan,Retail,2021-01-01,
CUS-0382,Seun Akpan,1975-03-18,+2347000010382,0382,seun.akpan382@example.com,FCT,Wuse,Retail,2012-03-01,
CUS-0383,Kunle Oghene,1994-05-01,+2347000010383,0383,kunle.oghene383@example.com,Kaduna,Kaduna,Retail,2020-05-01,
CUS-0384,Efe Efiong,1977-02-13,+2347000010384,0384,efe.efiong384@example.com,Kaduna,Kaduna,Retail,2023-02-01,
CUS-0385,Ese Efiong,1993-02-20,+2347000010385,0385,ese.efiong385@example.com,FCT,Wuse,SME,2025-07-01,
CUS-0386,Yemisi Otu,1997-12-20,+2347000010386,0386,yemisi.otu386@example.com,Lagos,Ikeja,Retail,2023-05-01,
CUS-0387,Ifeanyi Eze,1997-08-06,+2347000010387,0387,ifeanyi.eze387@example.com,Lagos,Ikeja,Retail,2021-03-01,
CUS-0388,Hauwa Garba,1994-04-23,+2347000010388,0388,hauwa.garba388@example.com,Lagos,Surulere,SME,2014-09-01,
CUS-0389,Daniel Efiong,1982-06-27,+2347000010389,0389,daniel.efiong389@example.com,Rivers,Port Harcourt,Retail,2020-05-01,
CUS-0390,Usman Garba,1979-12-16,+2347000010390,0390,usman.garba390@example.com,Kaduna,Kaduna,Retail,2019-05-01,
CUS-0391,Abubakar Efiong,1976-04-09,+2347000010391,0391,abubakar.efiong391@example.com,Lagos,Lekki,SME,2021-03-01,
CUS-0392,Victor Omoregie,2004-05-12,+2347000010392,0392,victor.omoregie392@example.com,Enugu,Enugu,Retail,2016-04-01,
CUS-0393,Tope Ogbeide,1991-06-20,+2347000010393,0393,tope.ogbeide393@example.com,Lagos,Lekki,Retail,2020-12-01,
CUS-0394,Adaeze Umeh,1975-11-11,+2347000010394,0394,adaeze.umeh394@example.com,Rivers,Port Harcourt,Retail,2023-05-01,
CUS-0395,Idara Oghene,2004-10-13,+2347000010395,0395,idara.oghene395@example.com,FCT,Garki,Retail,2020-11-01,
CUS-0396,Wale Ogunbiyi,1973-10-25,+2347000010396,0396,wale.ogunbiyi396@example.com,Kano,Kano,Retail,2024-07-01,
CUS-0397,Folake Oyelaran,1996-03-24,+2347000010397,0397,folake.oyelaran397@example.com,Lagos,Lekki,Retail,2023-05-01,
CUS-0398,Lola Ekanem,1963-09-15,+2347000010398,0398,lola.ekanem398@example.com,Lagos,Ikeja,Retail,2024-06-01,
CUS-0399,Samuel Ekanem,1997-12-01,+2347000010399,0399,samuel.ekanem399@example.com,Lagos,Ikeja,Retail,2015-03-01,
CUS-0400,Kemi Ogunleye,1971-01-15,+2347000010400,0400,kemi.ogunleye400@example.com,Edo,Benin City,Retail,2015-10-01,
CUS-0401,Bisola Salami,2002-08-01,+2347000010401,0401,bisola.salami401@example.com,Oyo,Ibadan,Retail,2013-02-01,
CUS-0402,Nkechi Eze,1993-04-27,+2347000010402,0402,nkechi.eze402@example.com,Lagos,Surulere,Retail,2019-01-01,
CUS-0403,Ngozi Ikpe,1993-04-05,+2347000010403,0403,ngozi.ikpe403@example.com,Lagos,Surulere,Retail,2022-01-01,
CUS-0404,Fatima Sule,1997-07-08,+2347000010404,0404,fatima.sule404@example.com,Enugu,Enugu,Retail,2017-05-01,
CUS-0405,Godwin Etim,1996-07-18,+2347000010405,0405,godwin.etim405@example.com,Enugu,Enugu,SME,2023-01-01,
CUS-0406,Gerald Ogbeide,1996-01-27,+2347000010406,0406,gerald.ogbeide406@example.com,FCT,Garki,Retail,2019-10-01,
CUS-0407,Ikenna Onyekachi,2003-04-21,+2347000010407,0407,ikenna.onyekachi407@example.com,Kaduna,Kaduna,Retail,2017-04-01,
CUS-0408,Aminu Garba,1992-12-10,+2347000010408,0408,aminu.garba408@example.com,FCT,Garki,Retail,2019-08-01,
CUS-0409,Bello Ikpe,1976-07-11,+2347000010409,0409,bello.ikpe409@example.com,Lagos,Ikeja,Retail,2020-10-01,
CUS-0410,Funke Ogunbiyi,2000-10-22,+2347000010410,0410,funke.ogunbiyi410@example.com,Lagos,Surulere,SME,2021-10-01,
CUS-0411,Bello Idris,1978-12-27,+2347000010411,0411,bello.idris411@example.com,Lagos,Surulere,Retail,2015-05-01,
CUS-0412,Grace Edet,1987-02-08,+2347000010412,0412,grace.edet412@example.com,Lagos,Yaba,Retail,2013-11-01,
CUS-0413,Usman Sule,1984-07-07,+2347000010413,0413,usman.sule413@example.com,Rivers,Port Harcourt,Retail,2018-10-01,
CUS-0414,Kelechi Ibe,1987-11-02,+2347000010414,0414,kelechi.ibe414@example.com,Kaduna,Kaduna,SME,2016-06-01,
CUS-0415,Grace Ikpe,1965-01-24,+2347000010415,0415,grace.ikpe415@example.com,Edo,Benin City,Retail,2023-08-01,
CUS-0416,Bisola Adeyemi,1990-06-09,+2347000010416,0416,bisola.adeyemi416@example.com,Rivers,Port Harcourt,Retail,2012-05-01,
CUS-0417,Ese Otu,1981-04-05,+2347000010417,0417,ese.otu417@example.com,Edo,Benin City,Retail,2015-10-01,
CUS-0418,Samuel Akpan,2001-12-02,+2347000010418,0418,samuel.akpan418@example.com,Kaduna,Kaduna,Retail,2013-04-01,
CUS-0419,Grace Bassey,1963-06-16,+2347000010419,0419,grace.bassey419@example.com,FCT,Wuse,Retail,2018-05-01,
CUS-0420,Blessing Akpan,1966-05-27,+2347000010420,0420,blessing.akpan420@example.com,Lagos,Yaba,Retail,2024-06-01,
CUS-0421,Maryam Omoregie,1968-04-15,+2347000010421,0421,maryam.omoregie421@example.com,Edo,Benin City,Retail,2018-07-01,
CUS-0422,Efe Omoregie,2000-08-20,+2347000010422,0422,efe.omoregie422@example.com,Lagos,Ikeja,SME,2021-04-01,
CUS-0423,Chinedu Bassey,1970-02-16,+2347000010423,0423,chinedu.bassey423@example.com,Lagos,Surulere,Retail,2018-08-01,
CUS-0424,Obinna Nwachukwu,1974-07-21,+2347000010424,0424,obinna.nwachukwu424@example.com,Enugu,Enugu,SME,2022-11-01,
CUS-0425,Amaka Okeke,1981-09-20,+2347000010425,0425,amaka.okeke425@example.com,Lagos,Ikeja,Retail,2021-04-01,
CUS-0426,Bello Danjuma,1996-05-16,+2347000010426,0426,bello.danjuma426@example.com,Rivers,Port Harcourt,Retail,2025-01-01,
CUS-0427,Obinna Okeke,1983-06-21,+2347000010427,0427,obinna.okeke427@example.com,FCT,Garki,SME,2016-10-01,
CUS-0428,Blessing Ekanem,1979-06-27,+2347000010428,0428,blessing.ekanem428@example.com,Lagos,Yaba,Retail,2023-05-01,
CUS-0429,Musa Yusuf,1967-03-15,+2347000010429,0429,musa.yusuf429@example.com,Edo,Benin City,SME,2024-03-01,
CUS-0430,Maryam Oghene,1975-03-27,+2347000010430,0430,maryam.oghene430@example.com,Kano,Kano,Retail,2024-12-01,
CUS-0431,Ibrahim Bello,1978-05-22,+2347000010431,0431,ibrahim.bello431@example.com,Lagos,Lekki,Retail,2025-03-01,
CUS-0432,Kelechi Okoro,1972-10-21,+2347000010432,0432,kelechi.okoro432@example.com,FCT,Wuse,Retail,2012-09-01,
CUS-0433,Gerald Otu,1991-05-27,+2347000010433,0433,gerald.otu433@example.com,Edo,Benin City,Retail,2014-10-01,
CUS-0434,Bisola Adebayo,1998-09-10,+2347000010434,0434,bisola.adebayo434@example.com,Lagos,Yaba,Retail,2024-08-01,
CUS-0435,Titilayo Ogbeide,1980-05-18,+2347000010435,0435,titilayo.ogbeide435@example.com,Rivers,Port Harcourt,Retail,2019-04-01,
CUS-0436,Musa Ekanem,1983-05-28,+2347000010436,0436,musa.ekanem436@example.com,Oyo,Ibadan,Retail,2018-04-01,
CUS-0437,Ebere Otu,1988-04-16,+2347000010437,0437,ebere.otu437@example.com,Edo,Benin City,Retail,2023-06-01,
CUS-0438,Efe Okoro,1985-10-08,+2347000010438,0438,efe.okoro438@example.com,FCT,Garki,SME,2016-06-01,
CUS-0439,Uche Onyekachi,1968-07-10,+2347000010439,0439,uche.onyekachi439@example.com,Lagos,Lekki,Retail,2012-10-01,
CUS-0440,Abubakar Otu,1978-03-15,+2347000010440,0440,abubakar.otu440@example.com,Lagos,Ikeja,Retail,2018-11-01,
CUS-0441,Usman Lawal,1995-08-20,+2347000010441,0441,usman.lawal441@example.com,Lagos,Ikeja,Retail,2025-09-01,
CUS-0442,Tope Bakare,1986-03-08,+2347000010442,0442,tope.bakare442@example.com,Kaduna,Kaduna,Retail,2016-07-01,
CUS-0443,Dayo Bakare,1974-11-25,+2347000010443,0443,dayo.bakare443@example.com,Kano,Kano,Retail,2024-04-01,
CUS-0444,Dayo Salami,1978-06-26,+2347000010444,0444,dayo.salami444@example.com,Oyo,Ibadan,Retail,2021-08-01,
CUS-0445,Patience Omoregie,2003-07-23,+2347000010445,0445,patience.omoregie445@example.com,Lagos,Lekki,Retail,2012-10-01,
CUS-0446,Obinna Okonkwo,1992-02-04,+2347000010446,0446,obinna.okonkwo446@example.com,Rivers,Port Harcourt,SME,2019-10-01,
CUS-0447,Samuel Okoro,1991-02-12,+2347000010447,0447,samuel.okoro447@example.com,Lagos,Yaba,Retail,2022-05-01,
CUS-0448,Hauwa Umar,1989-12-08,+2347000010448,0448,hauwa.umar448@example.com,Enugu,Enugu,Retail,2023-11-01,
CUS-0449,Nkechi Okonkwo,1982-08-16,+2347000010449,0449,nkechi.okonkwo449@example.com,Lagos,Lekki,Retail,2022-10-01,
CUS-0450,Aminu Yusuf,1964-07-01,+2347000010450,0450,aminu.yusuf450@example.com,Kaduna,Kaduna,Retail,2023-11-01,
CUS-0451,Nnamdi Umeh,1984-04-22,+2347000010451,0451,nnamdi.umeh451@example.com,Lagos,Yaba,Retail,2021-05-01,
CUS-0452,Fatima Akpan,1989-05-04,+2347000010452,0452,fatima.akpan452@example.com,Kaduna,Kaduna,Retail,2012-08-01,
CUS-0453,Halima Ogbeide,1999-02-06,+2347000010453,0453,halima.ogbeide453@example.com,Edo,Benin City,Retail,2013-10-01,
CUS-0454,Yusuf Omoregie,1972-08-19,+2347000010454,0454,yusuf.omoregie454@example.com,FCT,Wuse,Retail,2014-12-01,
CUS-0455,Efe Etim,1972-07-04,+2347000010455,0455,efe.etim455@example.com,Lagos,Surulere,Retail,2025-10-01,
CUS-0456,Abubakar Okoro,1986-07-01,+2347000010456,0456,abubakar.okoro456@example.com,Lagos,Surulere,Retail,2014-01-01,
CUS-0457,Aisha Ikpe,1990-09-02,+2347000010457,0457,aisha.ikpe457@example.com,Lagos,Surulere,Retail,2021-05-01,
CUS-0458,Godwin Edet,1983-09-04,+2347000010458,0458,godwin.edet458@example.com,Oyo,Ibadan,Retail,2013-09-01,
CUS-0459,Zainab Otu,1969-02-03,+2347000010459,0459,zainab.otu459@example.com,Lagos,Surulere,SME,2024-04-01,
CUS-0460,Esther Okoro,1987-07-27,+2347000010460,0460,esther.okoro460@example.com,Lagos,Yaba,SME,2014-12-01,
CUS-0461,Ebere Nwosu,1978-04-04,+2347000010461,0461,ebere.nwosu461@example.com,FCT,Wuse,Retail,2019-05-01,
CUS-0462,Maryam Bassey,2002-01-26,+2347000010462,0462,maryam.bassey462@example.com,Enugu,Enugu,Retail,2024-10-01,
CUS-0463,Bukola Oladipo,2000-09-20,+2347000010463,0463,bukola.oladipo463@example.com,FCT,Garki,Retail,2012-06-01,
CUS-0464,Abubakar Edet,1985-05-01,+2347000010464,0464,abubakar.edet464@example.com,Lagos,Yaba,Retail,2015-11-01,
CUS-0465,Halima Aliyu,1978-08-20,+2347000010465,0465,halima.aliyu465@example.com,Lagos,Surulere,Retail,2023-05-01,
CUS-0466,Kemi Fashola,1967-08-08,+2347000010466,0466,kemi.fashola466@example.com,Enugu,Enugu,SME,2018-01-01,
CUS-0467,Aminu Ogbeide,1974-11-11,+2347000010467,0467,aminu.ogbeide467@example.com,Rivers,Port Harcourt,Retail,2017-12-01,
CUS-0468,Daniel Ikpe,1999-10-11,+2347000010468,0468,daniel.ikpe468@example.com,Edo,Benin City,Retail,2012-06-01,
CUS-0469,Tunde Olatunji,1969-02-18,+2347000010469,0469,tunde.olatunji469@example.com,Lagos,Lekki,Retail,2020-03-01,
CUS-0470,Tunde Adewale,1974-07-08,+2347000010470,0470,tunde.adewale470@example.com,FCT,Garki,Retail,2021-05-01,
CUS-0471,Samuel Etim,1973-06-07,+2347000010471,0471,samuel.etim471@example.com,Lagos,Lekki,Retail,2014-02-01,
CUS-0472,Nnamdi Obi,1991-10-25,+2347000010472,0472,nnamdi.obi472@example.com,Lagos,Surulere,Retail,2022-09-01,
CUS-0473,Precious Okoro,2003-08-21,+2347000010473,0473,precious.okoro473@example.com,Enugu,Enugu,Retail,2020-04-01,
CUS-0474,Kunle Oyelaran,1993-06-10,+2347000010474,0474,kunle.oyelaran474@example.com,Lagos,Yaba,Retail,2018-11-01,
CUS-0475,Bukola Adebayo,1993-09-06,+2347000010475,0475,bukola.adebayo475@example.com,Kano,Kano,Retail,2023-10-01,
CUS-0476,Maryam Sule,1974-09-10,+2347000010476,0476,maryam.sule476@example.com,Rivers,Port Harcourt,Retail,2024-12-01,
CUS-0477,Ikenna Nwosu,1995-07-14,+2347000010477,0477,ikenna.nwosu477@example.com,Lagos,Yaba,Retail,2014-03-01,
CUS-0478,Esther Edet,1979-09-24,+2347000010478,0478,esther.edet478@example.com,Lagos,Lekki,Retail,2023-06-01,
CUS-0479,Rukayya Musa,1982-01-03,+2347000010479,0479,rukayya.musa479@example.com,FCT,Wuse,Retail,2018-08-01,
CUS-0480,Seun Salami,1963-06-09,+2347000010480,0480,seun.salami480@example.com,FCT,Wuse,Retail,2018-06-01,
CUS-0481,Seun Bassey,1968-01-21,+2347000010481,0481,seun.bassey481@example.com,FCT,Garki,Retail,2020-09-01,
CUS-0482,Rukayya Bassey,1964-12-21,+2347000010482,0482,rukayya.bassey482@example.com,FCT,Garki,Retail,2021-08-01,
CUS-0483,Nkechi Obi,1963-10-28,+2347000010483,0483,nkechi.obi483@example.com,Lagos,Ikeja,Retail,2013-07-01,
CUS-0484,Godwin Efiong,1976-02-18,+2347000010484,0484,godwin.efiong484@example.com,Lagos,Ikeja,Retail,2016-06-01,
CUS-0485,Chioma Etim,1982-07-02,+2347000010485,0485,chioma.etim485@example.com,Lagos,Lekki,SME,2020-01-01,
CUS-0486,Ebere Okonkwo,1999-02-15,+2347000010486,0486,ebere.okonkwo486@example.com,FCT,Garki,Retail,2024-04-01,
CUS-0487,Abubakar Idris,1987-08-09,+2347000010487,0487,abubakar.idris487@example.com,Lagos,Ikeja,Retail,2023-01-01,
CUS-0488,Ikenna Ibe,2004-03-13,+2347000010488,0488,ikenna.ibe488@example.com,FCT,Garki,Retail,2023-09-01,
CUS-0489,Ebere Umeh,1980-07-10,+2347000010489,0489,ebere.umeh489@example.com,Rivers,Port Harcourt,Retail,2016-01-01,
CUS-0490,Hadiza Omoregie,1995-08-13,+2347000010490,0490,hadiza.omoregie490@example.com,Lagos,Yaba,Retail,2024-06-01,
CUS-0491,Patience Bassey,1983-01-21,+2347000010491,0491,patience.bassey491@example.com,Lagos,Yaba,Retail,2024-01-01,
CUS-0492,Halima Danjuma,1982-11-12,+2347000010492,0492,halima.danjuma492@example.com,Kano,Kano,SME,2024-04-01,
CUS-0493,Usman Ekanem,1999-04-08,+2347000010493,0493,usman.ekanem493@example.com,Enugu,Enugu,Retail,2025-12-01,
CUS-0494,Mercy Ogbeide,1967-10-11,+2347000010494,0494,mercy.ogbeide494@example.com,Lagos,Lekki,Retail,2014-09-01,
CUS-0495,Musa Abdullahi,1976-02-01,+2347000010495,0495,musa.abdullahi495@example.com,Kaduna,Kaduna,Retail,2012-03-01,
CUS-0496,Adaeze Nnaji,1977-10-03,+2347000010496,0496,adaeze.nnaji496@example.com,Rivers,Port Harcourt,Retail,2017-07-01,
CUS-0497,Emeka Bassey,1980-10-14,+2347000010497,0497,emeka.bassey497@example.com,Kano,Kano,Retail,2020-09-01,
CUS-0498,Aminu Lawal,1966-12-26,+2347000010498,0498,aminu.lawal498@example.com,Oyo,Ibadan,SME,2024-07-01,
CUS-0499,Gerald Akpan,2004-11-03,+2347000010499,0499,gerald.akpan499@example.com,Oyo,Ibadan,Retail,2017-07-01,
CUS-0500,Zainab Abdullahi,1971-05-06,+2347000010500,0500,zainab.abdullahi500@example.com,Edo,Benin City,SME,2018-07-01,
