customer_id,app_status,failed_logins,device_linked,otp_channel,otp_last_status,otp_last_attempt
CUS-0001,active,0,yes,sms,delivered,2026-09-10 05:22
CUS-0002,active,0,yes,sms,delivered,2026-09-17 16:05
CUS-0003,active,0,yes,sms,delivered,2026-08-25 11:41
CUS-0004,active,0,yes,sms,delivered,2026-09-10 22:12
CUS-0005,active,0,yes,sms,delivered,2026-08-27 07:28
CUS-0006,active,0,yes,sms,delivered,2026-08-28 08:18
CUS-0007,active,0,yes,sms,delivered,2026-08-28 16:44
CUS-0008,active,0,yes,sms,delivered,2026-08-31 14:35
CUS-0009,active,0,yes,sms,delivered,2026-09-06 21:05
CUS-0010,active,0,yes,sms,delivered,2026-08-25 11:20
CUS-0011,active,0,yes,sms,delivered,2026-09-19 23:30
CUS-0012,active,0,yes,sms,delivered,2026-09-05 19:59
CUS-0013,active,0,no,sms,delivered,2026-09-20 05:05
CUS-0014,locked,5,yes,sms,delivered,2026-09-05 11:38
CUS-0015,active,0,yes,sms,delivered,2026-09-11 09:13
CUS-0016,active,0,yes,sms,dnd_blocked,2026-09-21 13:14
CUS-0017,active,0,yes,sms,delivered,2026-09-15 16:59
CUS-0018,active,0,yes,sms,delivered,2026-09-02 04:22
CUS-0019,active,0,yes,sms,delivered,2026-08-24 23:25
CUS-0020,active,0,yes,sms,delivered,2026-09-12 19:03
CUS-0021,active,0,yes,sms,delivered,2026-08-28 10:58
CUS-0022,active,0,yes,sms,delivered,2026-08-25 17:18
CUS-0023,active,0,yes,sms,delivered,2026-08-25 15:19
CUS-0024,active,0,yes,sms,delivered,2026-08-25 04:02
CUS-0025,active,0,yes,sms,delivered,2026-09-04 22:58
CUS-0026,active,0,yes,sms,delivered,2026-09-16 06:08
CUS-0027,active,0,yes,sms,delivered,2026-09-06 08:27
CUS-0028,active,0,yes,sms,delivered,2026-09-06 04:07
CUS-0029,active,0,yes,sms,delivered,2026-08-29 15:07
CUS-0030,active,0,yes,sms,delivered,2026-09-08 22:01
CUS-0031,active,0,yes,sms,delivered,2026-09-11 03:48
CUS-0032,active,0,yes,sms,delivered,2026-09-12 17:05
CUS-0033,active,0,yes,sms,delivered,2026-09-02 22:37
CUS-0034,active,0,yes,sms,delivered,2026-09-10 04:19
CUS-0035,active,0,yes,sms,delivered,2026-09-13 11:37
CUS-0036,active,0,yes,sms,delivered,2026-09-02 15:07
CUS-0037,active,0,yes,sms,delivered,2026-09-19 20:46
CUS-0038,active,0,yes,sms,delivered,2026-09-11 12:55
CUS-0039,active,0,yes,sms,delivered,2026-09-14 20:46
CUS-0040,active,0,yes,sms,delivered,2026-08-25 06:47
CUS-0041,active,0,yes,sms,delivered,2026-09-17 21:45
CUS-0042,active,0,yes,sms,delivered,2026-09-03 18:37
CUS-0043,active,0,yes,sms,delivered,2026-09-11 06:38
CUS-0044,active,0,yes,sms,delivered,2026-08-31 18:46
CUS-0045,active,0,yes,sms,delivered,2026-08-27 05:29
CUS-0046,active,0,yes,sms,delivered,2026-08-30 13:19
CUS-0047,active,0,yes,sms,delivered,2026-08-25 01:55
CUS-0048,active,0,yes,sms,delivered,2026-09-16 18:20
CUS-0049,active,0,yes,sms,delivered,2026-09-02 18:51
CUS-0050,active,0,yes,sms,delivered,2026-09-13 09:56
CUS-0051,active,0,yes,sms,delivered,2026-09-03 09:58
CUS-0052,active,0,yes,sms,delivered,2026-09-04 02:56
CUS-0053,active,0,yes,sms,delivered,2026-09-16 08:14
CUS-0054,active,0,yes,sms,delivered,2026-08-30 11:59
CUS-0055,active,0,yes,sms,delivered,2026-09-17 16:38
CUS-0056,active,0,yes,sms,delivered,2026-09-09 06:48
CUS-0057,active,0,yes,sms,delivered,2026-09-05 04:22
CUS-0058,active,0,yes,sms,delivered,2026-09-18 12:27
CUS-0059,active,0,yes,sms,delivered,2026-09-03 11:29
CUS-0060,active,0,yes,sms,delivered,2026-08-30 09:21
CUS-0061,active,0,yes,sms,delivered,2026-09-04 10:32
CUS-0062,active,0,yes,sms,delivered,2026-08-25 09:12
CUS-0063,active,0,yes,sms,delivered,2026-09-03 06:37
CUS-0064,active,0,yes,sms,delivered,2026-09-09 15:05
CUS-0065,active,0,yes,sms,delivered,2026-08-27 16:34
CUS-0066,active,0,yes,sms,delivered,2026-09-19 09:30
CUS-0067,active,0,yes,sms,delivered,2026-08-24 23:36
CUS-0068,active,0,yes,sms,delivered,2026-08-28 05:39
CUS-0069,active,0,yes,sms,delivered,2026-09-08 11:19
CUS-0070,active,0,yes,sms,delivered,2026-09-18 19:21
CUS-0071,active,0,yes,sms,delivered,2026-09-16 08:37
CUS-0072,active,0,yes,sms,delivered,2026-09-16 15:46
CUS-0073,active,0,yes,sms,delivered,2026-08-25 01:56
CUS-0074,active,0,yes,sms,delivered,2026-09-02 06:15
CUS-0075,active,0,yes,sms,delivered,2026-08-28 03:18
CUS-0076,active,0,yes,sms,delivered,2026-09-20 15:27
CUS-0077,active,0,yes,sms,delivered,2026-08-25 09:02
CUS-0078,active,0,yes,sms,delivered,2026-09-06 13:18
CUS-0079,active,0,yes,sms,delivered,2026-09-04 10:24
CUS-0080,active,0,yes,sms,delivered,2026-09-15 18:45
CUS-0081,active,0,yes,sms,delivered,2026-09-19 01:06
CUS-0082,active,0,yes,sms,delivered,2026-08-31 21:50
CUS-0083,active,0,yes,sms,delivered,2026-09-11 03:06
CUS-0084,active,0,yes,sms,delivered,2026-09-03 10:53
CUS-0085,active,0,yes,sms,delivered,2026-09-20 20:07
CUS-0086,active,0,yes,sms,delivered,2026-09-18 19:32
CUS-0087,active,0,yes,sms,delivered,2026-09-03 04:57
CUS-0088,active,0,yes,sms,delivered,2026-09-12 13:31
CUS-0089,active,0,yes,sms,delivered,2026-09-12 12:34
CUS-0090,active,0,yes,sms,delivered,2026-09-04 17:20
CUS-0091,active,0,yes,sms,delivered,2026-09-12 02:57
CUS-0092,active,0,yes,sms,delivered,2026-09-18 03:04
CUS-0093,active,0,yes,sms,delivered,2026-09-09 01:25
CUS-0094,active,0,yes,sms,delivered,2026-09-19 19:48
CUS-0095,active,0,yes,sms,delivered,2026-09-19 20:33
CUS-0096,active,0,yes,sms,delivered,2026-09-01 18:06
CUS-0097,active,0,yes,sms,delivered,2026-09-03 11:47
CUS-0098,active,0,yes,sms,delivered,2026-08-31 06:45
CUS-0099,active,0,yes,sms,delivered,2026-08-28 12:56
CUS-0100,active,0,yes,sms,delivered,2026-08-30 12:36
CUS-0101,active,0,yes,sms,delivered,2026-08-29 10:29
CUS-0102,active,0,yes,sms,delivered,2026-09-11 19:07
CUS-0103,active,0,yes,sms,delivered,2026-09-03 11:54
CUS-0104,active,0,yes,sms,delivered,2026-08-28 21:20
CUS-0105,active,0,yes,sms,delivered,2026-09-05 12:47
CUS-0106,active,0,yes,sms,delivered,2026-09-06 14:25
CUS-0107,active,0,yes,sms,delivered,2026-08-29 15:47
CUS-0108,active,0,yes,sms,delivered,2026-09-10 09:04
CUS-0109,active,0,yes,sms,delivered,2026-09-11 18:42
CUS-0110,active,0,yes,sms,delivered,2026-09-13 23:15
CUS-0111,active,0,yes,sms,delivered,2026-09-10 04:37
CUS-0112,active,0,yes,sms,delivered,2026-09-12 14:20
CUS-0113,active,0,yes,sms,delivered,2026-09-07 00:58
CUS-0114,active,0,yes,sms,delivered,2026-09-05 05:21
CUS-0115,active,0,yes,sms,delivered,2026-09-16 14:53
CUS-0116,active,0,yes,sms,delivered,2026-08-29 12:33
CUS-0117,active,0,yes,sms,delivered,2026-09-05 07:07
CUS-0118,active,0,yes,sms,delivered,2026-09-12 22:28
CUS-0119,active,0,yes,sms,delivered,2026-09-06 05:51
CUS-0120,active,0,yes,sms,delivered,2026-09-18 14:19
CUS-0121,active,0,yes,sms,delivered,2026-09-01 13:17
CUS-0122,active,0,yes,sms,delivered,2026-09-12 13:09
CUS-0123,active,0,yes,sms,delivered,2026-09-18 23:11
CUS-0124,active,0,yes,sms,delivered,2026-09-11 17:13
CUS-0125,active,0,yes,sms,delivered,2026-09-07 10:29
CUS-0126,active,0,yes,sms,delivered,2026-08-30 00:14
CUS-0127,active,0,yes,sms,delivered,2026-09-18 00:52
CUS-0128,active,0,yes,sms,delivered,2026-09-09 05:16
CUS-0129,active,0,yes,sms,delivered,2026-09-08 16:10
CUS-0130,active,0,yes,sms,delivered,2026-09-16 18:39
CUS-0131,active,0,yes,sms,delivered,2026-09-07 08:56
CUS-0132,active,0,yes,sms,delivered,2026-09-01 20:44
CUS-0133,active,0,yes,sms,delivered,2026-09-16 02:15
CUS-0134,active,0,yes,sms,delivered,2026-09-11 08:34
CUS-0135,active,0,yes,sms,delivered,2026-09-03 21:35
CUS-0136,active,0,yes,sms,delivered,2026-09-05 16:59
CUS-0137,active,0,yes,sms,delivered,2026-09-11 08:28
CUS-0138,active,0,yes,sms,delivered,2026-09-19 01:17
CUS-0139,active,0,yes,sms,delivered,2026-09-11 09:00
CUS-0140,active,0,yes,sms,delivered,2026-09-02 01:31
CUS-0141,active,0,yes,sms,delivered,2026-08-25 04:34
CUS-0142,active,0,yes,sms,delivered,2026-09-01 13:26
CUS-0143,active,0,yes,sms,delivered,2026-08-26 09:20
CUS-0144,active,0,yes,sms,delivered,2026-09-08 12:54
CUS-0145,active,0,yes,sms,delivered,2026-09-08 07:42
CUS-0146,active,0,yes,sms,delivered,2026-09-01 14:26
CUS-0147,active,0,yes,sms,delivered,2026-08-26 11:12
CUS-0148,active,0,yes,sms,delivered,2026-08-28 20:27
CUS-0149,active,0,yes,sms,delivered,2026-09-13 05:45
CUS-0150,active,0,yes,sms,delivered,2026-09-08 15:17
CUS-0151,active,0,yes,sms,delivered,2026-09-09 03:46
CUS-0152,active,0,yes,sms,delivered,2026-09-10 20:10
CUS-0153,active,0,yes,sms,delivered,2026-09-01 19:30
CUS-0154,active,0,yes,sms,delivered,2026-09-01 15:05
CUS-0155,active,0,yes,sms,delivered,2026-09-16 20:18
CUS-0156,active,0,yes,sms,delivered,2026-09-11 03:56
CUS-0157,active,0,yes,sms,delivered,2026-08-25 09:00
CUS-0158,active,0,yes,sms,delivered,2026-09-03 05:41
CUS-0159,active,0,yes,sms,delivered,2026-09-18 17:57
CUS-0160,active,0,yes,sms,delivered,2026-09-03 01:53
CUS-0161,active,0,yes,sms,delivered,2026-09-10 04:14
CUS-0162,active,0,yes,sms,delivered,2026-09-07 02:16
CUS-0163,active,0,yes,sms,delivered,2026-09-15 14:38
CUS-0164,active,0,yes,sms,delivered,2026-09-11 00:54
CUS-0165,active,0,yes,sms,delivered,2026-09-11 23:57
CUS-0166,active,0,yes,sms,delivered,2026-09-06 20:47
CUS-0167,active,0,yes,sms,delivered,2026-09-05 04:00
CUS-0168,active,0,yes,sms,delivered,2026-09-13 04:43
CUS-0169,active,0,yes,sms,delivered,2026-09-20 21:24
CUS-0170,active,0,yes,sms,delivered,2026-09-20 21:03
CUS-0171,active,0,yes,sms,delivered,2026-09-03 20:53
CUS-0172,active,0,yes,sms,delivered,2026-09-14 03:11
CUS-0173,active,0,yes,sms,delivered,2026-09-19 04:47
CUS-0174,active,0,yes,sms,delivered,2026-09-10 08:37
CUS-0175,active,0,yes,sms,delivered,2026-09-04 18:33
CUS-0176,active,0,yes,sms,delivered,2026-09-08 16:53
CUS-0177,active,0,yes,sms,delivered,2026-09-16 17:21
CUS-0178,active,0,yes,sms,delivered,2026-08-31 02:19
CUS-0179,active,0,yes,sms,delivered,2026-09-15 02:48
CUS-0180,active,0,yes,sms,delivered,2026-08-30 16:04
CUS-0181,active,0,yes,sms,delivered,2026-09-04 08:25
CUS-0182,active,0,yes,sms,delivered,2026-08-31 04:04
CUS-0183,active,0,yes,sms,delivered,2026-09-03 15:54
CUS-0184,active,0,yes,sms,delivered,2026-08-30 21:01
CUS-0185,active,0,yes,sms,delivered,2026-09-19 22:33
CUS-0186,active,0,yes,sms,delivered,2026-09-10 10:08
CUS-0187,active,0,yes,sms,delivered,2026-08-31 07:32
CUS-0188,active,0,yes,sms,delivered,2026-09-13 06:42
CUS-0189,active,0,yes,sms,delivered,2026-09-02 08:33
CUS-0190,active,0,yes,sms,delivered,2026-08-25 14:10
CUS-0191,active,0,yes,sms,delivered,2026-09-17 11:06
CUS-0192,active,0,yes,sms,delivered,2026-09-10 04:19
CUS-0193,active,0,yes,sms,delivered,2026-09-16 17:15
CUS-0194,active,0,yes,sms,delivered,2026-08-30 16:46
CUS-0195,active,0,yes,sms,delivered,2026-09-17 01:59
CUS-0196,active,0,yes,sms,delivered,2026-09-13 14:08
CUS-0197,active,0,yes,sms,delivered,2026-08-27 06:01
CUS-0198,active,0,yes,sms,delivered,2026-09-18 02:17
CUS-0199,active,0,yes,sms,delivered,2026-08-28 08:25
CUS-0200,active,0,yes,sms,delivered,2026-09-18 06:41
CUS-0201,active,0,yes,sms,delivered,2026-09-19 13:06
CUS-0202,active,0,yes,sms,delivered,2026-09-12 06:36
CUS-0203,active,0,yes,sms,delivered,2026-09-09 10:11
CUS-0204,active,0,yes,sms,delivered,2026-09-16 04:41
CUS-0205,active,0,yes,sms,delivered,2026-09-11 18:01
CUS-0206,active,0,yes,sms,delivered,2026-08-29 00:22
CUS-0207,active,0,yes,sms,delivered,2026-09-10 12:05
CUS-0208,active,0,yes,sms,delivered,2026-09-04 07:32
CUS-0209,active,0,yes,sms,delivered,2026-09-05 10:35
CUS-0210,active,0,yes,sms,delivered,2026-09-07 21:31
CUS-0211,active,0,yes,sms,delivered,2026-09-06 11:37
CUS-0212,active,0,yes,sms,delivered,2026-09-05 09:12
CUS-0213,active,0,yes,sms,delivered,2026-09-10 14:39
CUS-0214,active,0,yes,sms,delivered,2026-09-11 05:35
CUS-0215,active,0,yes,sms,delivered,2026-09-16 08:31
CUS-0216,active,0,yes,sms,delivered,2026-09-20 06:30
CUS-0217,active,0,yes,sms,delivered,2026-09-01 04:32
CUS-0218,active,0,yes,sms,delivered,2026-09-07 11:57
CUS-0219,active,0,yes,sms,delivered,2026-08-31 20:45
CUS-0220,active,0,yes,sms,delivered,2026-09-20 11:46
CUS-0221,active,0,yes,sms,delivered,2026-09-16 00:33
CUS-0222,active,0,yes,sms,delivered,2026-09-13 18:07
CUS-0223,active,0,yes,sms,delivered,2026-08-27 17:33
CUS-0224,active,0,yes,sms,delivered,2026-09-14 08:49
CUS-0225,active,0,yes,sms,delivered,2026-09-12 18:31
CUS-0226,active,0,yes,sms,delivered,2026-09-18 23:20
CUS-0227,active,0,yes,sms,delivered,2026-09-03 14:43
CUS-0228,active,0,yes,sms,delivered,2026-09-02 08:27
CUS-0229,active,0,yes,sms,delivered,2026-09-01 14:06
CUS-0230,active,0,yes,sms,delivered,2026-09-16 07:35
CUS-0231,active,0,yes,sms,delivered,2026-09-10 18:24
CUS-0232,active,0,yes,sms,delivered,2026-09-12 00:11
CUS-0233,active,0,yes,sms,delivered,2026-09-09 07:16
CUS-0234,active,0,yes,sms,delivered,2026-08-31 20:17
CUS-0235,active,0,yes,sms,delivered,2026-09-04 22:36
CUS-0236,active,0,yes,sms,delivered,2026-09-17 19:53
CUS-0237,active,0,yes,sms,delivered,2026-09-08 01:07
CUS-0238,active,0,yes,sms,delivered,2026-09-12 07:46
CUS-0239,active,0,yes,sms,delivered,2026-09-11 00:02
CUS-0240,active,0,yes,sms,delivered,2026-09-05 09:18
CUS-0241,active,0,yes,sms,delivered,2026-08-30 01:35
CUS-0242,active,0,yes,sms,delivered,2026-09-16 15:01
CUS-0243,active,0,yes,sms,delivered,2026-09-06 19:14
CUS-0244,active,0,yes,sms,delivered,2026-08-25 20:38
CUS-0245,active,0,yes,sms,delivered,2026-09-19 12:46
CUS-0246,active,0,yes,sms,delivered,2026-09-04 13:44
CUS-0247,active,0,yes,sms,delivered,2026-09-15 14:01
CUS-0248,active,0,yes,sms,delivered,2026-09-18 03:25
CUS-0249,active,0,yes,sms,delivered,2026-09-16 12:59
CUS-0250,active,0,yes,sms,delivered,2026-09-18 09:02
CUS-0251,active,0,yes,sms,delivered,2026-09-10 15:06
CUS-0252,active,0,yes,sms,delivered,2026-08-28 14:39
CUS-0253,active,0,yes,sms,delivered,2026-08-30 09:51
CUS-0254,active,0,yes,sms,delivered,2026-08-25 04:47
CUS-0255,active,0,yes,sms,delivered,2026-09-16 05:23
CUS-0256,active,0,yes,sms,delivered,2026-09-08 18:35
CUS-0257,active,0,yes,sms,delivered,2026-09-04 16:14
CUS-0258,active,0,yes,sms,delivered,2026-09-16 21:06
CUS-0259,active,0,yes,sms,delivered,2026-09-08 07:36
CUS-0260,active,0,yes,sms,delivered,2026-09-11 14:32
CUS-0261,active,0,yes,sms,delivered,2026-09-18 03:26
CUS-0262,active,0,yes,sms,delivered,2026-09-16 12:54
CUS-0263,active,0,yes,sms,delivered,2026-08-27 19:41
CUS-0264,active,0,yes,sms,delivered,2026-08-26 13:13
CUS-0265,active,0,yes,sms,delivered,2026-09-16 14:52
CUS-0266,active,0,yes,sms,delivered,2026-09-06 23:52
CUS-0267,active,0,yes,sms,delivered,2026-09-05 16:00
CUS-0268,active,0,yes,sms,delivered,2026-08-28 03:26
CUS-0269,active,0,yes,sms,delivered,2026-09-07 20:22
CUS-0270,active,0,yes,sms,delivered,2026-09-18 00:47
CUS-0271,active,0,yes,sms,delivered,2026-09-12 21:05
CUS-0272,active,0,yes,sms,delivered,2026-09-07 04:12
CUS-0273,active,0,yes,sms,delivered,2026-09-17 12:51
CUS-0274,active,0,yes,sms,delivered,2026-09-04 15:13
CUS-0275,active,0,yes,sms,delivered,2026-08-30 01:40
CUS-0276,active,0,yes,sms,delivered,2026-09-15 00:37
CUS-0277,active,0,yes,sms,delivered,2026-09-09 20:56
CUS-0278,active,0,yes,sms,delivered,2026-09-14 05:38
CUS-0279,active,0,yes,sms,delivered,2026-09-15 19:56
CUS-0280,active,0,yes,sms,delivered,2026-09-10 02:07
CUS-0281,active,0,yes,sms,delivered,2026-09-11 14:07
CUS-0282,active,0,yes,sms,delivered,2026-08-27 11:51
CUS-0283,active,0,yes,sms,delivered,2026-09-03 08:49
CUS-0284,active,0,yes,sms,delivered,2026-08-29 05:57
CUS-0285,active,0,yes,sms,delivered,2026-09-07 14:03
CUS-0286,active,0,yes,sms,delivered,2026-08-27 20:42
CUS-0287,active,0,yes,sms,delivered,2026-09-12 01:17
CUS-0288,active,0,yes,sms,delivered,2026-09-17 11:47
CUS-0289,active,0,yes,sms,delivered,2026-09-13 04:45
CUS-0290,active,0,yes,sms,delivered,2026-08-26 18:57
CUS-0291,active,0,yes,sms,delivered,2026-09-15 07:02
CUS-0292,active,0,yes,sms,delivered,2026-09-18 05:45
CUS-0293,active,0,yes,sms,delivered,2026-09-14 21:46
CUS-0294,active,0,yes,sms,delivered,2026-08-28 05:08
CUS-0295,active,0,yes,sms,delivered,2026-08-27 14:51
CUS-0296,active,0,yes,sms,delivered,2026-09-03 02:21
CUS-0297,active,0,yes,sms,delivered,2026-09-21 01:00
CUS-0298,active,0,yes,sms,delivered,2026-09-06 17:12
CUS-0299,active,0,yes,sms,delivered,2026-09-03 08:06
CUS-0300,active,0,yes,sms,delivered,2026-09-20 23:11
CUS-0301,active,0,yes,sms,delivered,2026-09-20 05:43
CUS-0302,active,0,yes,sms,delivered,2026-08-28 09:04
CUS-0303,active,0,yes,sms,delivered,2026-09-07 09:52
CUS-0304,active,0,yes,sms,delivered,2026-09-03 22:04
CUS-0305,active,0,yes,sms,delivered,2026-09-08 09:30
CUS-0306,active,0,yes,sms,delivered,2026-09-10 07:01
CUS-0307,active,0,yes,sms,delivered,2026-09-03 14:01
CUS-0308,active,0,yes,sms,delivered,2026-09-12 12:22
CUS-0309,active,0,yes,sms,delivered,2026-08-28 21:25
CUS-0310,active,0,yes,sms,delivered,2026-08-26 12:15
CUS-0311,active,0,yes,sms,delivered,2026-09-01 05:13
CUS-0312,active,0,yes,sms,delivered,2026-09-09 11:30
CUS-0313,active,0,yes,sms,delivered,2026-08-30 13:11
CUS-0314,active,0,yes,sms,delivered,2026-09-18 00:51
CUS-0315,active,0,yes,sms,delivered,2026-08-31 13:01
CUS-0316,active,0,yes,sms,delivered,2026-09-02 06:44
CUS-0317,active,0,yes,sms,delivered,2026-09-20 05:01
CUS-0318,active,0,yes,sms,delivered,2026-09-19 03:34
CUS-0319,active,0,yes,sms,delivered,2026-09-09 20:29
CUS-0320,active,0,yes,sms,delivered,2026-09-11 16:29
CUS-0321,active,0,yes,sms,delivered,2026-09-02 20:21
CUS-0322,active,0,yes,sms,delivered,2026-08-30 04:45
CUS-0323,active,0,yes,sms,delivered,2026-09-08 14:25
CUS-0324,active,0,yes,sms,delivered,2026-08-31 19:37
CUS-0325,active,0,yes,sms,delivered,2026-09-11 07:22
CUS-0326,active,0,yes,sms,delivered,2026-09-03 09:34
CUS-0327,active,0,yes,sms,delivered,2026-09-02 03:40
CUS-0328,active,0,yes,sms,delivered,2026-09-17 20:21
CUS-0329,active,0,yes,sms,delivered,2026-09-12 15:37
CUS-0330,active,0,yes,sms,delivered,2026-09-14 00:13
CUS-0331,active,0,yes,sms,delivered,2026-08-26 21:15
CUS-0332,active,0,yes,sms,delivered,2026-08-29 20:55
CUS-0333,active,0,yes,sms,delivered,2026-09-08 17:00
CUS-0334,active,0,yes,sms,delivered,2026-08-27 17:58
CUS-0335,active,0,yes,sms,delivered,2026-09-02 06:21
CUS-0336,active,0,yes,sms,delivered,2026-09-06 23:03
CUS-0337,active,0,yes,sms,delivered,2026-09-14 04:24
CUS-0338,active,0,yes,sms,delivered,2026-09-16 07:50
CUS-0339,active,0,yes,sms,delivered,2026-08-27 13:16
CUS-0340,active,0,yes,sms,delivered,2026-09-12 06:25
CUS-0341,active,0,yes,sms,delivered,2026-09-13 03:11
CUS-0342,active,0,yes,sms,delivered,2026-09-12 08:26
CUS-0343,active,0,yes,sms,delivered,2026-09-15 08:55
CUS-0344,active,0,yes,sms,delivered,2026-09-15 04:07
CUS-0345,active,0,yes,sms,delivered,2026-09-18 12:41
CUS-0346,active,0,yes,sms,delivered,2026-08-26 18:33
CUS-0347,active,0,yes,sms,delivered,2026-09-17 07:58
CUS-0348,active,0,yes,sms,delivered,2026-09-17 21:29
CUS-0349,active,0,yes,sms,delivered,2026-09-19 08:29
CUS-0350,active,0,yes,sms,delivered,2026-08-25 20:06
CUS-0351,active,0,yes,sms,delivered,2026-09-04 05:43
CUS-0352,active,0,yes,sms,delivered,2026-08-28 21:49
CUS-0353,active,0,yes,sms,delivered,2026-09-09 16:03
CUS-0354,active,0,yes,sms,delivered,2026-09-11 03:45
CUS-0355,active,0,yes,sms,delivered,2026-09-18 06:00
CUS-0356,active,0,yes,sms,delivered,2026-09-10 02:28
CUS-0357,active,0,yes,sms,delivered,2026-09-11 20:47
CUS-0358,active,0,yes,sms,delivered,2026-09-12 21:38
CUS-0359,active,0,yes,sms,delivered,2026-09-06 04:07
CUS-0360,active,0,yes,sms,delivered,2026-08-26 17:03
CUS-0361,active,0,yes,sms,delivered,2026-09-10 10:14
CUS-0362,active,0,yes,sms,delivered,2026-09-11 23:01
CUS-0363,active,0,yes,sms,delivered,2026-09-09 18:58
CUS-0364,active,0,yes,sms,delivered,2026-09-13 05:22
CUS-0365,active,0,yes,sms,delivered,2026-09-06 16:03
CUS-0366,active,0,yes,sms,delivered,2026-09-16 04:37
CUS-0367,active,0,yes,sms,delivered,2026-08-30 23:06
CUS-0368,active,0,yes,sms,delivered,2026-09-10 07:00
CUS-0369,active,0,yes,sms,delivered,2026-09-16 09:06
CUS-0370,active,0,yes,sms,delivered,2026-09-09 23:45
CUS-0371,active,0,yes,sms,delivered,2026-09-12 05:50
CUS-0372,active,0,yes,sms,delivered,2026-09-05 20:21
CUS-0373,active,0,yes,sms,delivered,2026-08-27 15:19
CUS-0374,active,0,yes,sms,delivered,2026-08-28 01:14
CUS-0375,active,0,yes,sms,delivered,2026-09-11 00:31
CUS-0376,active,0,yes,sms,delivered,2026-08-28 15:09
CUS-0377,active,0,yes,sms,delivered,2026-09-08 15:22
CUS-0378,active,0,yes,sms,delivered,2026-09-05 22:17
CUS-0379,active,0,yes,sms,delivered,2026-09-20 08:01
CUS-0380,active,0,yes,sms,delivered,2026-09-01 22:53
CUS-0381,active,0,yes,sms,delivered,2026-09-09 06:00
CUS-0382,active,0,yes,sms,delivered,2026-09-20 00:40
CUS-0383,active,0,yes,sms,delivered,2026-08-25 20:08
CUS-0384,active,0,yes,sms,delivered,2026-09-05 12:11
CUS-0385,active,0,yes,sms,delivered,2026-08-25 14:24
CUS-0386,active,0,yes,sms,delivered,2026-09-19 11:08
CUS-0387,active,0,yes,sms,delivered,2026-08-26 23:38
CUS-0388,active,0,yes,sms,delivered,2026-08-30 18:39
CUS-0389,active,0,yes,sms,delivered,2026-09-04 23:41
CUS-0390,active,0,yes,sms,delivered,2026-09-13 11:50
CUS-0391,active,0,yes,sms,delivered,2026-09-15 07:23
CUS-0392,active,0,yes,sms,delivered,2026-09-20 04:05
CUS-0393,active,0,yes,sms,delivered,2026-09-05 15:11
CUS-0394,active,0,yes,sms,delivered,2026-09-12 21:23
CUS-0395,active,0,yes,sms,delivered,2026-09-12 20:00
CUS-0396,active,0,yes,sms,delivered,2026-09-19 02:53
CUS-0397,active,0,yes,sms,delivered,2026-08-27 06:17
CUS-0398,active,0,yes,sms,delivered,2026-08-25 03:23
CUS-0399,active,0,yes,sms,delivered,2026-09-12 12:23
CUS-0400,active,0,yes,sms,delivered,2026-08-29 21:13
CUS-0401,active,0,yes,sms,delivered,2026-09-10 16:01
CUS-0402,active,0,yes,sms,delivered,2026-09-14 07:05
CUS-0403,active,0,yes,sms,delivered,2026-08-29 17:05
CUS-0404,active,0,yes,sms,delivered,2026-09-12 08:15
CUS-0405,active,0,yes,sms,delivered,2026-09-18 23:14
CUS-0406,active,0,yes,sms,delivered,2026-09-04 20:35
CUS-0407,active,0,yes,sms,delivered,2026-09-08 15:02
CUS-0408,active,0,yes,sms,delivered,2026-09-14 12:01
CUS-0409,active,0,yes,sms,delivered,2026-09-17 18:12
CUS-0410,active,0,yes,sms,delivered,2026-09-11 11:38
CUS-0411,active,0,yes,sms,delivered,2026-09-17 17:51
CUS-0412,active,0,yes,sms,delivered,2026-09-01 15:27
CUS-0413,active,0,yes,sms,delivered,2026-08-26 05:09
CUS-0414,active,0,yes,sms,delivered,2026-08-29 12:08
CUS-0415,active,0,yes,sms,delivered,2026-08-28 16:23
CUS-0416,active,0,yes,sms,delivered,2026-09-02 01:41
CUS-0417,active,0,yes,sms,delivered,2026-09-09 14:41
CUS-0418,active,0,yes,sms,delivered,2026-08-25 09:30
CUS-0419,active,0,yes,sms,delivered,2026-09-17 06:34
CUS-0420,active,0,yes,sms,delivered,2026-08-26 10:40
CUS-0421,active,0,yes,sms,delivered,2026-09-03 10:59
CUS-0422,active,0,yes,sms,delivered,2026-08-30 19:21
CUS-0423,active,0,yes,sms,delivered,2026-09-16 03:03
CUS-0424,active,0,yes,sms,delivered,2026-09-11 08:16
CUS-0425,active,0,yes,sms,delivered,2026-08-30 14:44
CUS-0426,active,0,yes,sms,delivered,2026-09-01 16:25
CUS-0427,active,0,yes,sms,delivered,2026-09-19 05:15
CUS-0428,active,0,yes,sms,delivered,2026-09-12 03:39
CUS-0429,active,0,yes,sms,delivered,2026-09-18 03:17
CUS-0430,active,0,yes,sms,delivered,2026-09-19 20:45
CUS-0431,active,0,yes,sms,delivered,2026-09-20 18:52
CUS-0432,active,0,yes,sms,delivered,2026-09-14 04:04
CUS-0433,active,0,yes,sms,delivered,2026-09-19 00:07
CUS-0434,active,0,yes,sms,delivered,2026-08-30 15:33
CUS-0435,active,0,yes,sms,delivered,2026-09-18 01:31
CUS-0436,active,0,yes,sms,delivered,2026-08-29 00:37
CUS-0437,active,0,yes,sms,delivered,2026-08-25 04:30
CUS-0438,active,0,yes,sms,delivered,2026-09-10 13:08
CUS-0439,active,0,yes,sms,delivered,2026-09-20 03:03
CUS-0440,active,0,yes,sms,delivered,2026-09-03 22:29
CUS-0441,active,0,yes,sms,delivered,2026-09-14 20:55
CUS-0442,active,0,yes,sms,delivered,2026-09-14 03:49
CUS-0443,active,0,yes,sms,delivered,2026-08-30 16:58
CUS-0444,active,0,yes,sms,delivered,2026-09-02 09:38
CUS-0445,active,0,yes,sms,delivered,2026-09-20 15:30
CUS-0446,active,0,yes,sms,delivered,2026-09-07 02:44
CUS-0447,active,0,yes,sms,delivered,2026-09-08 05:41
CUS-0448,active,0,yes,sms,delivered,2026-09-11 09:40
CUS-0449,active,0,yes,sms,delivered,2026-09-02 00:55
CUS-0450,active,0,yes,sms,delivered,2026-09-07 16:41
CUS-0451,active,0,yes,sms,delivered,2026-09-01 15:25
CUS-0452,active,0,yes,sms,delivered,2026-09-14 09:36
CUS-0453,active,0,yes,sms,delivered,2026-09-11 14:57
CUS-0454,active,0,yes,sms,delivered,2026-09-20 23:19
CUS-0455,active,0,yes,sms,delivered,2026-09-09 13:58
CUS-0456,active,0,yes,sms,delivered,2026-08-25 18:24
CUS-0457,active,0,yes,sms,delivered,2026-09-07 21:51
CUS-0458,active,0,yes,sms,delivered,2026-09-12 04:15
CUS-0459,active,0,yes,sms,delivered,2026-08-29 16:58
CUS-0460,active,0,yes,sms,delivered,2026-09-07 11:55
CUS-0461,active,0,yes,sms,delivered,2026-09-15 13:37
CUS-0462,active,0,yes,sms,delivered,2026-09-12 19:05
CUS-0463,active,0,yes,sms,delivered,2026-09-06 07:08
CUS-0464,active,0,yes,sms,delivered,2026-08-31 21:59
CUS-0465,active,0,yes,sms,delivered,2026-08-27 12:58
CUS-0466,active,0,yes,sms,delivered,2026-08-31 23:54
CUS-0467,active,0,yes,sms,delivered,2026-09-11 23:28
CUS-0468,active,0,yes,sms,delivered,2026-09-03 05:40
CUS-0469,active,0,yes,sms,delivered,2026-08-27 23:33
CUS-0470,active,0,yes,sms,delivered,2026-09-15 20:58
CUS-0471,active,0,yes,sms,delivered,2026-09-13 07:37
CUS-0472,active,0,yes,sms,delivered,2026-09-20 15:01
CUS-0473,active,0,yes,sms,delivered,2026-08-31 04:57
CUS-0474,active,0,yes,sms,delivered,2026-09-02 07:26
CUS-0475,active,0,yes,sms,delivered,2026-09-09 12:57
CUS-0476,active,0,yes,sms,delivered,2026-08-28 12:10
CUS-0477,active,0,yes,sms,delivered,2026-09-18 14:17
CUS-0478,active,0,yes,sms,delivered,2026-09-18 23:25
CUS-0479,active,0,yes,sms,delivered,2026-09-18 19:23
CUS-0480,active,0,yes,sms,delivered,2026-08-31 22:22
CUS-0481,active,0,yes,sms,delivered,2026-09-15 07:29
CUS-0482,active,0,yes,sms,delivered,2026-09-17 17:18
CUS-0483,active,0,yes,sms,delivered,2026-09-13 07:05
CUS-0484,active,0,yes,sms,delivered,2026-09-04 20:55
CUS-0485,active,0,yes,sms,delivered,2026-09-08 18:40
CUS-0486,active,0,yes,sms,delivered,2026-09-13 12:10
CUS-0487,active,0,yes,sms,delivered,2026-09-07 09:39
CUS-0488,active,0,yes,sms,delivered,2026-09-01 12:29
CUS-0489,active,0,yes,sms,delivered,2026-08-25 15:06
CUS-0490,active,0,yes,sms,delivered,2026-09-09 00:11
CUS-0491,active,0,yes,sms,delivered,2026-09-06 14:13
CUS-0492,active,0,yes,sms,delivered,2026-09-15 21:48
CUS-0493,active,0,yes,sms,delivered,2026-09-02 03:41
CUS-0494,active,0,yes,sms,delivered,2026-09-06 03:13
CUS-0495,active,0,yes,sms,delivered,2026-08-30 00:57
CUS-0496,active,0,yes,sms,delivered,2026-09-05 00:37
CUS-0497,active,0,yes,sms,delivered,2026-09-08 00:48
CUS-0498,active,0,yes,sms,delivered,2026-09-15 06:01
CUS-0499,active,0,yes,sms,delivered,2026-09-14 07:56
CUS-0500,active,0,yes,sms,delivered,2026-09-10 19:54
